configuration,"instruction type: [1, 1]",traffic const: 0.75,13500.0 cars / hour
car id,turn type,lane,optimal travel time,actual travel time,delay
0,1,left,5.939513576027977,13.8,7.860486423972024
1,1,left,5.811118923693018,19.900000000000002,14.088881076306984
2,1,straight,5.386563484720287,12.700000000000001,7.313436515279714
3,1,left,5.624480586643449,15.8,10.175519413356552
4,1,left,5.233276205983755,14.600000000000001,9.366723794016245
5,1,left,5.396831748235037,22.400000000000002,17.003168251764965
6,1,left,4.9707444445131825,14.100000000000001,9.129255555486818
7,1,straight,4.929518196961551,22.8,17.87048180303845
8,1,straight,5.07720412096985,26.6,21.522795879030152
9,1,straight,4.9997748724914945,18.5,13.500225127508505
10,1,straight,4.902144287258325,28.1,23.197855712741678
11,1,straight,4.9997748724914945,24.1,19.10022512750851
12,1,straight,4.9294724172968545,16.1,11.170527582703148
13,1,straight,5.262224682443304,27.200000000000003,21.9377753175567
14,1,straight,5.142674205539355,29.8,24.657325794460647
15,1,straight,4.891363422347452,20.700000000000003,15.80863657765255
16,1,left,5.144903679243395,32.0,26.855096320756605
17,1,left,5.14488592619862,29.900000000000002,24.75511407380138
18,1,straight,4.817012959503923,26.6,21.782987040496078
19,1,straight,5.328354854436782,36.1,30.77164514556322
20,1,straight,5.280666386290391,34.2,28.91933361370961
21,1,left,5.384492918268242,41.300000000000004,35.91550708173176
22,1,straight,5.080198591243222,46.800000000000004,41.71980140875678
23,1,left,4.97355282302358,26.400000000000002,21.426447176976424
24,1,straight,5.0227749259655985,32.5,27.4772250740344
25,1,left,5.080141320039415,54.300000000000004,49.21985867996059
26,1,straight,4.9627097786026635,37.800000000000004,32.83729022139734
27,1,left,5.269799029488983,34.7,29.43020097051102
28,1,left,5.107244543771758,61.1,55.992755456228245
29,1,left,4.91661920323512,67.9,62.983380796764884
30,1,straight,4.868769648776028,39.400000000000006,34.531230351223975
31,1,left,4.773542780115665,44.900000000000006,40.126457219884344
32,1,straight,5.423057604214946,74.4,68.97694239578506
33,1,straight,4.999762173723926,49.2,44.20023782627608
34,1,left,7.027425487386001,75.9,68.87257451261401
35,1,left,7.0179160231354905,75.60000000000001,68.58208397686452
36,1,straight,4.882181013873763,38.5,33.61781898612624
37,1,straight,6.8772207094378395,75.10000000000001,68.22277929056217
38,1,straight,5.142790608436196,46.900000000000006,41.75720939156381
39,1,straight,4.773947219022023,12.200000000000001,7.426052780977978
40,1,left,4.759796395230068,19.5,14.740203604769931
41,1,straight,5.142955078395017,53.6,48.45704492160498
42,1,straight,5.059890388815771,21.400000000000002,16.340109611184232
43,1,straight,4.9588745888200885,45.5,40.54112541117991
44,1,straight,5.049624255949426,52.400000000000006,47.35037574405058
45,1,straight,4.841784027343261,58.6,53.75821597265674
46,1,left,5.12909982765934,59.6,54.47090017234066
47,1,left,5.140966731820921,28.700000000000003,23.559033268179082
48,1,straight,7.128404422768198,75.10000000000001,67.97159557723181
49,1,straight,4.77011088908249,33.300000000000004,28.529889110917516
50,1,straight,4.891921130895637,65.4,60.50807886910437
51,1,straight,5.276785273608956,65.8,60.52321472639104
52,1,left,7.176395928883519,76.10000000000001,68.92360407111649
53,1,straight,5.452275662103081,72.4,66.94772433789693
54,1,left,5.472931998504349,69.4,63.927068001495655
55,1,left,7.1550323785637575,75.9,68.74496762143625
56,1,straight,4.888651781770727,75.7,70.81134821822927
57,1,left,4.781556497181742,40.800000000000004,36.018443502818265
58,1,straight,7.499990277313543,76.3,68.80000972268645
59,1,left,5.114757045758095,73.3,68.1852429542419
60,1,left,7.120007141729643,75.9,68.77999285827036
61,1,straight,7.087845259932794,75.7,68.61215474006721
62,1,straight,7.0141211448515275,75.5,68.48587885514847
63,1,straight,7.020023865593821,75.5,68.47997613440617
64,1,straight,7.253143274272704,75.60000000000001,68.3468567257273
65,1,straight,6.918221408635538,75.3,68.38177859136447
66,1,straight,4.86873275791822,46.900000000000006,42.03126724208178
67,1,left,4.89679592109644,54.6,49.70320407890356
68,1,straight,4.831626205109368,58.7,53.86837379489064
69,1,straight,7.369110682244041,75.5,68.13088931775596
70,1,straight,6.93447844073711,74.8,67.86552155926289
71,1,left,7.404466318590994,76.4,68.99553368140901
72,1,straight,4.955832863036059,62.1,57.144167136963944
73,1,left,4.990975378955353,59.7,54.70902462104465
74,1,left,7.254685953289605,76.0,68.74531404671039
75,1,straight,7.324103058160557,75.7,68.37589694183944
76,1,straight,7.662272024776064,76.3,68.63772797522394
77,1,left,7.588197504237638,76.3,68.71180249576236
78,1,left,7.37831727383676,76.10000000000001,68.72168272616325
79,1,left,7.482260622146871,76.60000000000001,69.11773937785314
80,1,left,7.412523563029697,76.5,69.0874764369703
81,1,straight,5.8611076986832575,68.2,62.33889230131675
82,1,straight,7.327894764119505,75.60000000000001,68.2721052358805
83,1,straight,5.902263860468419,74.8,68.89773613953157
84,1,straight,4.687130088626024,65.60000000000001,60.91286991137399
85,1,left,7.30495068521497,76.4,69.09504931478503
86,1,straight,7.181832181450303,75.2,68.0181678185497
87,1,left,7.234075294795514,76.3,69.06592470520448
88,1,straight,7.265243906408034,75.7,68.43475609359197
89,1,left,7.197224960109016,76.3,69.10277503989099
90,1,straight,7.289806740321811,75.8,68.51019325967819
91,1,left,7.416232087616879,76.5,69.08376791238312
92,1,straight,7.105278863209512,75.60000000000001,68.4947211367905
93,1,left,7.2471489929425505,76.0,68.75285100705744
94,1,straight,4.696825789352783,72.5,67.80317421064721
95,1,straight,7.39934147855728,75.60000000000001,68.20065852144273
96,1,left,7.3796341027715044,76.4,69.0203658972285
97,1,left,7.462995341563692,76.60000000000001,69.13700465843631
98,1,straight,7.548438850667269,76.0,68.45156114933273
99,1,left,7.127023433102191,76.10000000000001,68.97297656689781
100,1,straight,8.19435231858748,76.80000000000001,68.60564768141253
101,1,straight,7.334229724642921,75.5,68.16577027535708
102,1,left,8.367369374417663,77.60000000000001,69.23263062558235
103,1,straight,7.105368230058294,75.5,68.39463176994171
104,1,straight,7.282633871453843,75.5,68.21736612854616
105,1,left,7.873938123363332,76.7,68.82606187663667
106,1,left,6.864282056063874,75.5,68.63571794393613
107,1,left,6.91799124748208,75.8,68.88200875251792
108,1,left,6.903382781269489,75.60000000000001,68.69661721873052
109,1,straight,7.8299232370240235,76.4,68.57007676297599
110,1,straight,7.019083589845571,75.3,68.28091641015443
111,1,straight,7.0217080038589215,74.9,67.87829199614109
112,1,left,6.849394087171755,75.4,68.55060591282825
113,1,straight,7.564926458057403,76.0,68.4350735419426
114,1,left,6.9532503681389475,75.5,68.54674963186105
115,1,left,7.156843510452763,76.2,69.04315648954724
116,1,straight,7.410447862182525,75.4,67.98955213781748
117,1,straight,7.254354292969525,75.5,68.24564570703048
118,1,straight,7.320589901664465,75.8,68.47941009833553
119,1,straight,7.099736172567832,75.2,68.10026382743217
120,1,straight,7.0948512476124685,75.8,68.70514875238753
121,1,straight,7.089923442814807,75.3,68.21007655718519
122,1,straight,7.406911364397041,76.2,68.79308863560296
123,1,straight,7.003088749729541,75.60000000000001,68.59691125027047
124,1,straight,7.614396634520394,75.9,68.28560336547962
125,1,straight,6.989860801744452,75.10000000000001,68.11013919825555
126,1,left,6.750745782037631,75.60000000000001,68.84925421796238
127,1,left,6.908457773616463,75.60000000000001,68.69154222638355
128,1,left,7.482828872222346,76.60000000000001,69.11717112777767
129,1,left,8.078955995878825,77.30000000000001,69.22104400412118
130,1,straight,6.7937527662871515,74.7,67.90624723371285
131,1,left,7.062507042995966,75.8,68.73749295700404
132,1,left,7.277160157144768,76.2,68.92283984285524
133,1,left,7.308113204469188,76.3,68.9918867955308
134,1,straight,6.940411192895321,74.9,67.95958880710468
135,1,straight,7.020152323279504,74.9,67.8798476767205
136,1,left,6.914452774728874,75.9,68.98554722527113
137,1,straight,7.327831422058546,76.10000000000001,68.77216857794146
138,1,left,6.792331204212826,75.7,68.90766879578717
139,1,straight,6.890112083140962,75.4,68.50988791685904
140,1,straight,7.42282399646568,75.5,68.07717600353432
141,1,straight,8.190412397368254,69.8,61.60958760263174
142,1,straight,7.329527559868395,75.9,68.57047244013161
143,1,left,6.689335947839343,75.5,68.81066405216066
144,1,left,7.206824070196017,76.2,68.99317592980398
145,1,straight,7.321351236222634,75.7,68.37864876377736
146,1,left,7.388514957565966,76.10000000000001,68.71148504243405
147,1,left,6.863728511287704,75.4,68.5362714887123
148,1,straight,6.806285914092217,75.10000000000001,68.2937140859078
149,1,left,7.9094169436833575,77.10000000000001,69.19058305631665
150,1,straight,7.327597198115465,75.4,68.07240280188454
151,1,straight,7.326912534044266,75.7,68.37308746595573
152,1,left,6.881129462274026,75.8,68.91887053772597
153,1,straight,6.938259108121007,75.3,68.361740891879
154,1,left,6.867484063827966,75.7,68.83251593617203
155,1,left,8.443263142163866,70.10000000000001,61.656736857836144
156,1,straight,6.895311249821198,82.5,75.60468875017881
157,1,left,6.8503905435240355,75.4,68.54960945647596
158,1,straight,6.908115451522735,75.2,68.29188454847727
159,1,left,6.915872651128639,75.9,68.98412734887137
160,1,straight,6.88048058752871,82.7,75.8195194124713
161,1,straight,6.711458365592193,74.9,68.18854163440781
162,1,straight,6.889006646020433,75.10000000000001,68.21099335397957
163,1,straight,6.728873840900358,74.8,68.07112615909963
164,1,straight,6.941776298011163,75.10000000000001,68.15822370198885
165,1,straight,6.942074555457396,74.9,67.95792544454261
166,1,straight,6.877791221090704,74.9,68.0222087789093
167,1,straight,7.01501890047838,75.60000000000001,68.58498109952163
168,1,straight,7.015349544982875,75.7,68.68465045501713
169,1,straight,6.82555946546847,75.10000000000001,68.27444053453154
170,1,straight,7.14270506186612,75.3,68.15729493813387
171,1,left,7.1074108603385975,83.0,75.8925891396614
172,1,left,6.851356140644828,75.7,68.84864385935518
173,1,straight,7.110786054873919,82.80000000000001,75.6892139451261
174,1,left,7.292090652232323,76.3,69.00790934776768
175,1,straight,6.814402550685284,82.30000000000001,75.48559744931472
176,1,left,7.198834801985432,76.0,68.80116519801457
177,1,left,7.993724123099879,76.80000000000001,68.80627587690013
178,1,straight,6.960838183028641,74.9,67.93916181697136
179,1,straight,7.926731681490533,76.5,68.57326831850946
180,1,straight,7.007405644906709,75.3,68.29259435509329
181,1,straight,7.0134521246789,75.10000000000001,68.0865478753211
182,1,left,6.998627611993567,75.9,68.90137238800644
183,1,left,7.546837888766207,76.7,69.1531621112338
184,1,straight,7.831984875989261,76.3,68.46801512401073
185,1,straight,6.873359404842241,75.10000000000001,68.22664059515776
186,1,left,6.920792834058698,75.5,68.5792071659413
187,1,left,7.002514597938642,75.60000000000001,68.59748540206137
188,1,left,6.923815437468236,75.60000000000001,68.67618456253177
189,1,left,7.543904633231288,76.7,69.15609536676871
190,1,straight,7.261938293710602,75.60000000000001,68.33806170628941
191,1,left,6.82758196842895,75.7,68.87241803157106
192,1,left,6.832287074885795,75.7,68.8677129251142
193,1,straight,6.967459697179117,75.5,68.53254030282088
194,1,left,7.152654615084343,76.2,69.04734538491566
195,1,left,7.025897987506212,75.7,68.67410201249379
196,1,left,6.908291642311115,75.9,68.99170835768889
197,1,left,6.935181235366236,75.8,68.86481876463377
198,1,left,7.456304950166993,76.5,69.043695049833
199,1,straight,7.493360931738217,75.9,68.40663906826178
200,1,left,7.006817526582023,76.0,68.99318247341797
201,1,left,6.9160663413078245,75.60000000000001,68.68393365869218
202,1,left,6.929127766732423,75.5,68.57087223326758
203,1,left,6.9204960411248715,75.9,68.97950395887513
204,1,straight,7.049726763792842,75.3,68.25027323620715
205,1,straight,7.098474290004515,75.3,68.20152570999548
206,1,left,6.921837316432725,75.8,68.87816268356727
207,1,straight,7.167424367592929,75.4,68.23257563240708
208,1,left,7.068285219967154,76.10000000000001,69.03171478003286
209,1,left,6.877655723625424,75.7,68.82234427637458
210,1,straight,7.07691453963897,75.10000000000001,68.02308546036105
211,1,left,7.058014960256776,75.7,68.64198503974323
212,1,left,7.1343062002865985,75.8,68.6656937997134
213,1,left,8.33157736081929,70.2,61.868422639180714
214,1,straight,6.881110617289785,75.0,68.11888938271022
215,1,left,7.14085060979534,76.10000000000001,68.95914939020467
216,1,left,7.05595844912166,75.7,68.64404155087834
217,1,left,7.0262398431516635,76.0,68.97376015684834
218,1,left,7.004859196832046,75.7,68.69514080316796
219,1,straight,7.024824066125482,75.5,68.47517593387452
220,1,straight,7.086209301135899,75.8,68.7137906988641
221,1,left,7.062429853870568,75.8,68.73757014612943
222,1,straight,7.05497598690664,75.0,67.94502401309336
223,1,straight,7.577450988951248,75.8,68.22254901104876
224,1,left,7.025718750888233,76.0,68.97428124911177
225,1,left,7.438117977925074,76.2,68.76188202207493
226,1,left,7.537313842276978,76.4,68.86268615772303
227,1,left,7.00496478921038,76.0,68.99503521078962
228,1,left,7.222081752094905,76.3,69.07791824790509
229,1,straight,6.95678220765869,74.9,67.94321779234131
230,1,straight,6.866504597486008,74.9,68.03349540251399
231,1,straight,7.055545278328327,75.0,67.94445472167168
232,1,straight,7.303527563328664,75.9,68.59647243667135
233,1,straight,6.869575278864467,74.7,67.83042472113553
234,1,straight,6.868650997875425,74.7,67.83134900212458
235,1,left,6.8427356439543265,75.8,68.95726435604567
236,1,straight,7.337625255017359,75.60000000000001,68.26237474498265
237,1,left,7.574054270203402,76.3,68.72594572979659
238,1,straight,7.176499938678658,75.7,68.52350006132134
239,1,left,7.980208017236992,76.9,68.91979198276302
240,1,left,7.143481556905684,76.2,69.05651844309432
241,1,straight,7.819785991021722,76.3,68.48021400897828
242,1,straight,7.173214087362987,75.4,68.22678591263701
243,1,straight,7.312799567093539,75.60000000000001,68.28720043290647
244,1,left,6.9336019978989745,82.80000000000001,75.86639800210104
245,1,left,6.946838320376559,75.5,68.55316167962344
246,1,straight,7.143576424386693,75.5,68.3564235756133
247,1,left,7.378631396244821,76.2,68.82136860375518
248,1,straight,8.120359595255628,76.4,68.27964040474438
249,1,straight,8.115740484990166,76.2,68.08425951500983
250,1,left,7.078929036160762,75.7,68.62107096383924
251,1,straight,6.87491983237211,82.30000000000001,75.4250801676279
252,1,straight,7.420127974603299,82.9,75.4798720253967
253,1,left,8.073648970571401,77.2,69.1263510294286
254,1,left,7.061424159480901,75.7,68.6385758405191
255,1,straight,7.41767571934995,82.80000000000001,75.38232428065007
256,1,left,7.506974096797201,83.80000000000001,76.29302590320282
257,1,straight,7.210190260028754,75.8,68.58980973997124
258,1,straight,8.30187036696587,76.80000000000001,68.49812963303414
259,1,left,8.367581669371988,77.2,68.83241833062802
260,1,straight,6.724117997745799,82.0,75.2758820022542
261,1,straight,7.096059301556415,75.4,68.3039406984436
262,1,straight,7.100316439764071,75.60000000000001,68.49968356023594
263,1,straight,7.574058852999871,76.2,68.62594114700013
264,1,straight,7.676129010047623,83.0,75.32387098995238
265,1,straight,7.577322013758682,76.0,68.42267798624133
266,1,left,7.759772030690971,83.80000000000001,76.04022796930904
267,1,left,7.081064347446748,75.8,68.71893565255326
268,1,straight,7.582094554297067,75.5,67.91790544570293
269,1,left,7.8944523562167035,77.10000000000001,69.2055476437833
270,1,left,7.184092727141991,75.8,68.61590727285801
271,1,straight,7.767363428559701,83.80000000000001,76.0326365714403
272,1,left,7.901332496451517,77.10000000000001,69.19866750354849
273,1,left,7.158043656564338,83.10000000000001,75.94195634343566
274,1,left,6.92242744553535,75.9,68.97757255446466
275,1,left,7.065982825774243,76.0,68.93401717422576
276,1,left,8.275633611714243,77.30000000000001,69.02436638828577
277,1,left,7.064412302594522,75.8,68.73558769740548
278,1,left,7.135599550980801,75.8,68.6644004490192
279,1,straight,6.979427196611098,75.3,68.3205728033889
280,1,straight,6.885012984903368,75.3,68.41498701509663
281,1,left,6.7607432433787125,75.7,68.93925675662129
282,1,straight,7.106644735537287,75.7,68.59335526446272
283,1,straight,8.120475998900233,76.7,68.57952400109977
284,1,left,6.77344247698627,75.3,68.52655752301372
285,1,straight,6.872973194710771,74.9,68.02702680528924
286,1,left,7.107854439557786,75.8,68.69214556044221
287,1,left,6.933352113942455,75.60000000000001,68.66664788605755
288,1,left,6.768313755249136,75.60000000000001,68.83168624475087
289,1,straight,6.795844931008101,75.0,68.2041550689919
290,1,left,8.09613901346742,77.0,68.90386098653258
291,1,straight,7.022868167739188,75.2,68.17713183226081
292,1,left,7.064502643946934,76.0,68.93549735605306
293,1,left,7.101208609912536,75.8,68.69879139008746
294,1,straight,7.089900537587078,75.7,68.61009946241292
295,1,straight,7.192594899520279,82.4,75.20740510047973
296,1,straight,8.355299913703488,76.9,68.54470008629652
297,1,left,6.998946178532148,75.7,68.70105382146785
298,1,left,6.9978955125074265,75.60000000000001,68.60210448749258
299,1,left,6.849799878352471,82.7,75.85020012164753
300,1,straight,7.021340414381194,74.8,67.7786595856188
301,1,straight,7.033984076438084,75.2,68.16601592356191
302,1,straight,7.018449227178935,75.10000000000001,68.08155077282107
303,1,straight,8.22121105741259,76.80000000000001,68.57878894258742
304,1,left,6.708743809012221,82.80000000000001,76.09125619098779
305,1,straight,6.873332958811077,82.30000000000001,75.42666704118894
306,1,straight,7.1326850186760815,75.4,68.26731498132392
307,1,left,7.082003190733787,76.0,68.91799680926621
308,1,straight,6.944381294682275,82.60000000000001,75.65561870531774
309,1,straight,6.845264745765251,75.4,68.55473525423476
310,1,left,6.9045753935140795,75.5,68.59542460648592
311,1,straight,7.13285561774224,75.60000000000001,68.46714438225777
312,1,left,8.179104852501164,69.9,61.720895147498844
313,1,left,8.33889584571692,77.7,69.36110415428308
314,1,left,6.99106541539601,83.2,76.208934584604
315,1,left,8.129380572206077,77.0,68.87061942779393
316,1,left,7.25744467707728,76.3,69.04255532292272
317,1,left,7.235790482755807,75.9,68.6642095172442
318,1,left,7.318018352398933,76.4,69.08198164760107
319,1,straight,7.634036081396906,76.0,68.3659639186031
320,1,left,7.062359606502272,75.8,68.73764039349773
321,1,straight,7.090253599437404,75.3,68.2097464005626
322,1,straight,7.090812862396832,75.0,67.90918713760317
323,1,left,7.141342773540311,75.9,68.75865722645969
324,1,straight,7.166870269620107,75.9,68.7331297303799
325,1,straight,7.6581341626967765,76.3,68.64186583730321
326,1,straight,7.545163602167297,76.2,68.65483639783271
327,1,straight,7.176684320637642,75.2,68.02331567936236
328,1,left,7.470484452296026,76.3,68.82951554770398
329,1,straight,7.653342199722062,75.9,68.24665780027794
330,1,straight,7.657695611369699,75.60000000000001,67.9423043886303
331,1,straight,7.090962420355125,75.0,67.90903757964487
332,1,straight,6.7763568738426025,82.0,75.2236431261574
333,1,straight,7.092700952029839,75.7,68.60729904797016
334,1,left,7.085498723869348,76.10000000000001,69.01450127613066
335,1,straight,6.792677002442542,82.0,75.20732299755745
336,1,straight,7.613770229692602,75.60000000000001,67.9862297703074
337,1,straight,7.021071032250545,75.3,68.27892896774945
338,1,straight,7.312184955648659,75.60000000000001,68.28781504435135
339,1,left,7.485438957031313,76.5,69.0145610429687
340,1,straight,7.441670145386195,76.2,68.7583298546138
341,1,left,7.344571716767454,76.3,68.95542828323255
342,1,left,7.2421582636016115,76.3,69.05784173639839
343,1,straight,7.320670936016723,75.3,67.97932906398327
344,1,left,7.195116855950828,76.0,68.80488314404917
345,1,straight,7.258636520552438,75.3,68.04136347944755
346,1,straight,7.369128274809715,75.60000000000001,68.2308717251903
347,1,straight,7.58649975574169,76.3,68.71350024425831
348,1,straight,6.96036679380815,75.0,68.03963320619185
349,1,straight,7.166181308058563,75.9,68.73381869194144
350,1,left,7.523375874004906,76.3,68.77662412599508
351,1,straight,7.782728825952259,76.0,68.21727117404774
352,1,straight,8.095944962275615,77.0,68.90405503772439
353,1,left,7.560833155744468,76.4,68.83916684425554
354,1,straight,7.786609408791219,76.5,68.71339059120878
355,1,left,7.787933421855779,76.9,69.11206657814422
356,1,straight,7.677521148356271,75.9,68.22247885164373
357,1,left,7.640221842975925,76.80000000000001,69.15977815702409
358,1,straight,8.107002802714117,76.7,68.59299719728588
359,1,left,7.484554762347431,76.3,68.81544523765257
360,1,straight,7.322540825502032,75.7,68.37745917449797
361,1,left,7.308906206040257,76.3,68.99109379395973
362,1,straight,7.497052102772152,75.60000000000001,68.10294789722786
363,1,left,7.586802163230993,76.3,68.713197836769
364,1,straight,7.450623300004521,75.5,68.04937669999548
365,1,straight,7.353687098174217,75.60000000000001,68.24631290182579
366,1,straight,7.549791637418772,75.8,68.25020836258122
367,1,straight,7.42554473332748,75.4,67.97445526667252
368,1,left,7.539050393802967,76.7,69.16094960619704
369,1,straight,7.330897527204364,75.7,68.36910247279565
370,1,left,7.303506539144053,76.4,69.09649346085595
371,1,straight,7.233048120553531,75.5,68.26695187944647
372,1,left,7.378835799646697,76.5,69.1211642003533
373,1,straight,7.336885413388169,76.10000000000001,68.76311458661183
374,1,straight,7.243923768557285,75.60000000000001,68.35607623144273
375,1,left,7.217753651873086,76.3,69.08224634812692
376,1,left,7.717587383566728,76.9,69.18241261643328
377,1,left,7.308312931453084,76.4,69.09168706854692
378,1,left,6.8649011949206935,75.5,68.63509880507931
379,1,straight,6.8769628855165355,75.10000000000001,68.22303711448347
380,1,straight,7.452030000725116,76.2,68.74796999927489
381,1,straight,7.908408447194056,76.2,68.29159155280595
382,1,straight,6.885602527028012,75.10000000000001,68.214397472972
383,1,straight,7.409671160615636,75.9,68.49032883938438
384,1,straight,7.424740872539073,76.0,68.57525912746092
385,1,left,6.848736404449952,75.8,68.95126359555005
386,1,straight,6.815207723674522,74.8,67.98479227632548
387,1,straight,7.164752210818188,75.5,68.3352477891818
388,1,left,8.389667403307048,70.60000000000001,62.210332596692965
389,1,straight,6.737865584285365,74.9,68.16213441571465
390,1,straight,7.150759044871017,75.60000000000001,68.44924095512899
391,1,straight,6.976422028225336,75.0,68.02357797177467
392,1,straight,6.834878846336391,74.60000000000001,67.76512115366361
393,1,left,8.441445039733974,70.7,62.258554960266025
394,1,straight,6.744700150465473,75.3,68.55529984953452
395,1,straight,6.837162629053172,74.9,68.06283737094684
396,1,left,8.26750671261816,70.2,61.932493287381845
397,1,left,6.906901896766617,75.7,68.79309810323339
398,1,straight,7.165477155724381,75.2,68.03452284427563
399,1,left,6.936565825418934,75.8,68.86343417458106
400,1,straight,6.87443284387668,75.10000000000001,68.22556715612333
401,1,straight,8.291319510636862,69.8,61.50868048936314
402,1,straight,6.978559804143134,75.4,68.42144019585687
403,1,left,6.710606986497375,75.60000000000001,68.88939301350263
404,1,left,7.14303403846537,76.2,69.05696596153463
405,1,left,7.026264720639545,76.0,68.97373527936045
406,1,straight,7.029319709662495,75.0,67.9706802903375
407,1,left,6.995504331058715,76.0,69.00449566894129
408,1,left,7.142916621120709,75.8,68.65708337887929
409,1,left,6.871333818993581,75.7,68.82866618100643
410,1,left,6.854436208936821,75.5,68.64556379106318
411,1,straight,7.053092831468188,75.7,68.64690716853181
412,1,straight,7.165512293198014,75.9,68.73448770680199
413,1,left,6.840688402073099,83.0,76.1593115979269
414,1,left,6.987225149481983,75.9,68.91277485051802
415,1,straight,7.037087662744463,75.10000000000001,68.06291233725554
416,1,left,6.984754783301738,75.7,68.71524521669826
417,1,straight,6.8655857695009095,82.5,75.63441423049909
418,1,straight,7.025840801330607,75.3,68.2741591986694
419,1,straight,7.012826781232224,75.60000000000001,68.58717321876779
420,1,straight,7.366873834289067,75.7,68.33312616571094
421,1,straight,7.343718296586665,75.7,68.35628170341334
422,1,left,7.228105608220597,75.9,68.6718943917794
423,1,left,7.701940169079847,76.5,68.79805983092015
424,1,straight,6.878750108965563,75.10000000000001,68.22124989103445
425,1,left,8.195684366040325,69.9,61.70431563395968
426,1,straight,6.949642610829657,75.3,68.35035738917034
427,1,straight,7.02250257497605,75.10000000000001,68.07749742502396
428,1,straight,7.05627497646086,75.60000000000001,68.54372502353915
429,1,straight,6.998564078496032,82.10000000000001,75.10143592150398
430,1,left,6.967908334558064,75.7,68.73209166544194
431,1,left,6.982483101583463,76.0,69.01751689841653
432,1,left,6.709523646522042,75.2,68.49047635347796
433,1,straight,6.779732578983911,82.2,75.42026742101609
434,1,left,7.084460359829531,75.7,68.61553964017047
435,1,straight,7.030238680013218,75.3,68.26976131998678
436,1,straight,6.789717707640439,82.5,75.71028229235957
437,1,straight,8.360412290682012,69.8,61.43958770931798
438,1,left,6.9898526173439794,75.8,68.81014738265601
439,1,straight,6.741969599837716,82.10000000000001,75.35803040016229
440,1,left,6.717645263922134,75.3,68.58235473607786
441,1,straight,8.228519759691858,76.80000000000001,68.57148024030815
442,1,left,7.218122593907783,75.9,68.68187740609223
443,1,straight,7.003222767439707,,
444,1,straight,7.499932917158496,76.10000000000001,68.60006708284152
445,1,straight,6.793269333409208,82.60000000000001,75.8067306665908
446,1,straight,6.790568599694324,82.2,75.40943140030568
447,1,straight,7.619519984139822,76.4,68.78048001586018
448,1,straight,7.508870320390181,75.9,68.39112967960982
449,1,left,6.771034607640015,82.60000000000001,75.82896539235999
450,1,straight,7.086420735640534,75.0,67.91357926435947
451,1,straight,7.497359092698225,76.0,68.50264090730178
452,1,left,7.592121967059896,76.60000000000001,69.00787803294011
453,1,left,6.969479041145153,,
454,1,left,7.138582098896964,76.2,69.06141790110304
455,1,straight,8.191429554890775,69.5,61.308570445109225
456,1,left,6.99296056887854,,
457,1,left,6.81159792057009,75.60000000000001,68.78840207942991
458,1,straight,6.8166304823488355,75.0,68.18336951765116
459,1,left,8.362930598056852,70.3,61.93706940194315
460,1,straight,7.092795105089097,,
461,1,straight,6.995868662598782,,
462,1,straight,6.720573371965171,75.2,68.47942662803483
463,1,straight,8.444168026200146,69.9,61.45583197379986
464,1,straight,7.251824940557167,75.60000000000001,68.34817505944284
465,1,straight,7.010748790053887,,
466,1,left,7.223775368037131,76.2,68.97622463196288
467,1,straight,7.4264856634017935,75.5,68.07351433659821
468,1,straight,6.803458321361764,74.8,67.99654167863824
469,1,straight,7.0094346563582315,,
470,1,straight,8.292701785735003,69.7,61.407298214265
471,1,straight,7.087599778650524,,
472,1,left,6.8272280354882735,,
473,1,straight,7.307172911616906,,
474,1,left,6.712395106004046,75.5,68.78760489399595
475,1,left,7.222706358306706,75.9,68.6772936416933
476,1,straight,,,
477,1,straight,6.832548618786652,74.9,68.06745138121336
478,1,left,8.332981270595912,,
479,1,straight,7.4237726005146465,,
480,1,straight,6.812509537108756,75.3,68.48749046289124
481,1,left,,,
482,1,straight,7.251481438017827,75.8,68.54851856198216
483,1,left,,,
484,1,straight,7.250757402230568,75.60000000000001,68.34924259776945
485,1,left,7.110121387118793,76.2,69.08987861288121
486,1,straight,7.237256029553498,75.5,68.26274397044651
487,1,left,6.779447560052974,75.4,68.62055243994703
488,1,straight,,,
489,1,left,6.807984907542749,75.4,68.59201509245726
490,1,straight,7.242872166468639,75.60000000000001,68.35712783353137
491,1,left,7.5943670283948945,,
492,1,left,,,
493,1,straight,,,
494,1,straight,7.510737078501155,,
495,1,straight,6.938430092158205,82.2,75.2615699078418
496,1,left,6.786030766921898,75.60000000000001,68.81396923307811
497,1,left,7.274252345893095,,
498,1,left,6.789185568043877,,
499,1,straight,,,
500,1,left,6.810999383945696,,
501,1,left,6.777986978242934,75.4,68.62201302175707
502,1,straight,6.81619510199543,,
503,1,left,6.783320478960618,,
504,1,straight,6.834951364284504,,
505,1,straight,,,
506,1,straight,8.354267274986666,69.9,61.54573272501334
507,1,straight,7.39238714468446,,
508,1,straight,7.397451636155538,,
509,1,left,6.786700949831892,,
510,1,left,7.631887906900353,,
511,1,left,7.908122192296914,,
512,1,straight,,,
513,1,straight,,,
514,1,straight,7.2711937556002155,,
515,1,left,,,
516,1,left,,,
517,1,straight,6.734813817549385,75.2,68.46518618245062
518,1,left,7.909872531970338,,
519,1,straight,,,
520,1,straight,6.909680985244726,75.3,68.39031901475528
521,1,left,,,
522,1,left,,,
523,1,straight,6.886023449784943,75.3,68.41397655021505
524,1,straight,,,
525,1,left,6.780336052169462,75.7,68.91966394783054
526,1,straight,7.9361907686123745,,
527,1,left,6.878245538119334,75.4,68.52175446188068
528,1,left,7.908325549910873,,
529,1,left,,,
530,1,straight,6.884496303358067,74.8,67.91550369664193
531,1,straight,,,
532,1,straight,6.804026225434227,75.0,68.19597377456577
533,1,left,,,
534,1,straight,6.852771002495263,,
535,1,straight,6.9295647523182335,,
536,1,left,,,
537,1,straight,,,
538,1,left,,,
539,1,left,,,
540,1,straight,,,
541,1,straight,,,
542,1,left,,,
543,1,straight,6.907524698301384,75.10000000000001,68.19247530169862
544,1,straight,,,
545,1,straight,,,
546,1,left,,,
547,1,straight,,,
548,1,left,,,
549,1,left,,,
550,1,straight,,,
551,1,left,,,
552,1,left,,,
553,1,straight,6.960396045397862,75.4,68.43960395460215
554,1,straight,6.946813998232572,75.4,68.45318600176743
555,1,straight,6.904801483008155,75.10000000000001,68.19519851699185
556,1,straight,,,
557,1,left,,,
558,1,straight,6.89366927679317,75.0,68.10633072320682
559,1,straight,,,
560,1,left,,,
561,1,left,6.78302842645566,,
562,1,straight,,,
563,1,straight,,,
564,1,straight,,,
565,1,left,,,
566,1,straight,,,
567,1,straight,6.906536757580764,,
568,1,straight,6.812354699964658,,
569,1,straight,,,
570,1,straight,,,
571,1,left,,,
572,1,straight,,,
573,1,left,,,
574,1,straight,,,
575,1,left,,,
576,1,straight,,,
577,1,left,,,
578,1,left,,,
579,1,left,,,
580,1,straight,,,
581,1,left,6.781330403811258,,
582,1,left,,,
583,1,straight,,,
584,1,straight,,,
585,1,straight,,,
586,1,straight,,,
587,1,left,,,
588,1,left,,,
589,1,left,,,
590,1,left,8.438328381449061,4.6000000000000005,-3.8383283814490605
591,1,left,,,
592,1,straight,8.2227229624825,,
593,1,left,,,
594,1,left,6.71050251927818,,
595,1,left,,,
596,1,left,,,
597,1,straight,6.835635373804485,,
598,1,straight,,,
599,1,straight,,,
600,1,straight,,,
601,1,straight,,,
602,1,straight,,,
603,1,left,,,
604,1,left,,,
605,1,left,6.789453529963148,,
606,1,straight,,,
607,1,left,,,
608,1,left,,,
609,1,straight,,,
610,1,left,,,
611,1,straight,,,
612,1,left,,,
613,1,straight,6.837257957975086,5.300000000000001,-1.5372579579750854
614,1,straight,,,
615,1,straight,,,
616,1,straight,,,
617,1,straight,,,
618,1,left,,,
619,1,left,,,
620,1,left,,,
621,1,straight,,,
622,1,straight,,,
623,1,straight,,,
624,1,straight,,,
625,1,straight,,,
626,1,straight,,,
627,1,straight,,,
628,1,straight,,,
629,1,left,,,
630,1,straight,,,
631,1,left,,,
632,1,left,,,
633,1,straight,,,
634,1,straight,,,
635,1,straight,,,
636,1,left,,,
637,1,straight,,,
638,1,straight,,,
639,1,left,,,
640,1,left,,,
641,1,straight,,,
642,1,left,,,
643,1,straight,,,
644,1,left,,,
645,1,left,,,
646,1,left,,,
647,1,left,,,
648,1,straight,,,
649,1,straight,,,
650,1,straight,,,
651,1,left,,,
652,1,left,,,
653,1,straight,,,
654,1,straight,,,
655,1,left,,,
656,1,left,,,
657,1,left,,,
658,1,straight,,,
659,1,straight,,,
660,1,left,,,
661,1,straight,,,
662,1,straight,,,
663,1,straight,,,
664,1,left,,,
665,1,straight,,,
666,1,straight,,,
667,1,left,,,
668,1,left,,,
669,1,straight,,,
670,1,straight,,,
671,1,left,,,
672,1,left,,,
673,1,straight,,,
674,1,left,,,
675,1,left,,,
676,1,straight,,,
677,1,left,,,
678,1,left,,,
679,1,left,,,
680,1,left,,,
681,1,left,,,
682,1,straight,,,
683,1,straight,,,
684,1,straight,,,
685,1,straight,,,
686,1,left,,,
687,1,straight,,,
688,1,left,,,
689,1,left,,,
690,1,left,,,
691,1,left,,,
692,1,left,,,
693,1,left,,,
694,1,straight,,,
695,1,left,,,
696,1,left,,,
697,1,left,,,
698,1,left,,,
699,1,left,,,
700,1,straight,,,
701,1,straight,,,
702,1,straight,,,
703,1,left,,,
704,1,straight,,,
705,1,straight,,,
706,1,left,,,
707,1,left,,,
708,1,left,,,
709,1,straight,,,
710,1,straight,,,
711,1,straight,,,
712,1,left,,,
713,1,left,,,
714,1,straight,,,
715,1,straight,,,
716,1,straight,,,
717,1,straight,,,
718,1,straight,,,
719,1,left,,,
720,1,straight,,,
721,1,straight,,,
722,1,left,,,
723,1,left,,,
724,1,left,,,
725,1,straight,,,
726,1,straight,,,
727,1,left,,,
728,1,straight,,,
729,1,straight,,,
730,1,straight,,,
731,1,left,,,
732,1,left,,,
733,1,straight,,,
734,1,straight,,,
735,1,left,,,
736,1,left,,,
737,1,left,,,
738,1,left,,,
739,1,straight,,,
740,1,left,,,
741,1,left,,,
742,1,left,,,
743,1,straight,,,
744,1,left,,,
745,1,left,,,
746,1,left,,,
747,1,straight,,,
748,1,straight,,,
749,1,left,,,
750,1,straight,,,
751,1,straight,,,
752,1,left,,,
753,1,straight,,,
754,1,left,,,
755,1,straight,,,
756,1,left,,,
757,1,straight,,,
758,1,left,,,
759,1,left,,,
760,1,straight,,,
761,1,left,,,
762,1,left,,,
763,1,left,,,
764,1,left,,,
765,1,left,,,
766,1,left,,,
767,1,straight,,,
768,1,straight,,,
769,1,left,,,
770,1,straight,,,
771,1,straight,,,
772,1,left,,,
773,1,left,,,
774,1,left,,,
775,1,left,,,
776,1,straight,,,
777,1,left,,,
778,1,straight,,,
779,1,straight,,,
780,1,left,,,
781,1,straight,,,
782,1,straight,,,
783,1,left,,,
784,1,left,,,
785,1,straight,,,
786,1,left,,,
787,1,left,,,
788,1,left,,,
789,1,left,,,
790,1,left,,,
791,1,left,,,
792,1,straight,,,
793,1,left,,,
794,1,left,,,
795,1,straight,,,
796,1,left,,,
797,1,left,,,
798,1,left,,,
799,1,straight,,,
800,1,left,,,
801,1,straight,,,
802,1,left,,,
803,1,left,,,
804,1,left,,,
805,1,straight,,,
806,1,left,,,
807,1,left,,,
808,1,straight,,,
809,1,left,,,
810,1,straight,,,
811,1,left,,,
812,1,straight,,,
813,1,straight,,,
814,1,straight,,,
815,1,left,,,
816,1,left,,,
817,1,left,,,
818,1,left,,,
819,1,left,,,
820,1,left,,,
821,1,straight,,,
822,1,straight,,,
823,1,straight,,,
824,1,left,,,
825,1,left,,,
826,1,straight,,,
827,1,left,,,
828,1,straight,,,
829,1,left,,,
830,1,straight,,,
831,1,straight,,,
832,1,straight,,,
833,1,straight,,,
834,1,left,,,
835,1,straight,,,
836,1,left,,,
837,1,straight,,,
838,1,straight,,,
839,1,straight,,,
840,1,straight,,,
841,1,straight,,,
842,1,straight,,,
843,1,left,,,
844,1,straight,,,
845,1,left,,,
846,1,straight,,,
847,1,straight,,,
848,1,left,,,
849,1,straight,,,
850,1,straight,,,
851,1,left,,,
852,1,left,,,
853,1,left,,,
854,1,straight,,,
855,1,left,,,
856,1,left,,,
857,1,left,,,
858,1,left,,,
859,1,straight,,,
860,1,left,,,
861,1,left,,,
862,1,left,,,
863,1,straight,,,
864,1,left,,,
865,1,straight,,,
866,1,straight,,,
867,1,straight,,,
868,1,left,,,
869,1,straight,,,
870,1,left,,,
871,1,left,,,
872,1,straight,,,
873,1,left,,,
874,1,left,,,
875,1,straight,,,
876,1,left,,,
877,1,left,,,
878,1,left,,,
879,1,left,,,
880,1,left,,,
881,1,straight,,,
882,1,left,,,
883,1,straight,,,
884,1,left,,,
885,1,straight,,,
886,1,left,,,
887,1,left,,,
888,1,left,,,
889,1,straight,,,
890,1,left,,,
891,1,straight,,,
892,1,straight,,,
893,1,straight,,,
894,1,straight,,,
895,1,left,,,
896,1,left,,,
897,1,left,,,
898,1,left,,,
899,1,straight,,,
900,1,straight,,,
901,1,straight,,,
902,1,left,,,
903,1,straight,,,
904,1,straight,,,
905,1,straight,,,
906,1,straight,,,
907,1,straight,,,
908,1,straight,,,
909,1,left,,,
910,1,left,,,
911,1,straight,,,
912,1,left,,,
913,1,left,,,
914,1,left,,,
915,1,left,,,
916,1,left,,,
917,1,straight,,,
918,1,straight,,,
919,1,left,,,
920,1,left,,,
921,1,left,,,
922,1,straight,,,
923,1,left,,,
924,1,left,,,
925,1,straight,,,
926,1,left,,,
927,1,straight,,,
928,1,straight,,,
929,1,left,,,
930,1,straight,,,
931,1,left,,,
932,1,straight,,,
933,1,straight,,,
934,1,straight,,,
935,1,left,,,
936,1,left,,,
937,1,straight,,,
938,1,straight,,,
939,1,straight,,,
940,1,left,,,
941,1,straight,,,
942,1,left,,,
943,1,straight,,,
944,1,straight,,,
945,1,straight,,,
946,1,straight,,,
947,1,left,,,
948,1,straight,,,
949,1,straight,,,
950,1,left,,,
951,1,straight,,,
952,1,straight,,,
953,1,straight,,,
954,1,straight,,,
955,1,left,,,
956,1,left,,,
957,1,left,,,
958,1,left,,,
959,1,left,,,
960,1,left,,,
961,1,straight,,,
962,1,left,,,
963,1,straight,,,
964,1,left,,,
965,1,straight,,,
966,1,left,,,
967,1,left,,,
968,1,left,,,
969,1,straight,,,
970,1,left,,,
971,1,left,,,
972,1,straight,,,
973,1,left,,,
974,1,left,,,
975,1,straight,,,
976,1,left,,,
977,1,left,,,
978,1,left,,,
979,1,left,,,
980,1,straight,,,
981,1,left,,,
982,1,straight,,,
983,1,straight,,,
984,1,straight,,,
985,1,left,,,
986,1,straight,,,
987,1,left,,,
988,1,left,,,
989,1,left,,,
990,1,straight,,,
991,1,left,,,
992,1,left,,,
993,1,straight,,,
994,1,straight,,,
995,1,left,,,
996,1,left,,,
997,1,straight,,,
998,1,left,,,
999,1,straight,,,
1000,1,left,,,
1001,1,left,,,
1002,1,straight,,,
1003,1,left,,,
1004,1,left,,,
1005,1,straight,,,
1006,1,left,,,
1007,1,straight,,,
1008,1,left,,,
1009,1,straight,,,
1010,1,left,,,
1011,1,straight,,,
1012,1,straight,,,
1013,1,left,,,
1014,1,straight,,,
1015,1,straight,,,
1016,1,straight,,,
1017,1,straight,,,
1018,1,left,,,
1019,1,straight,,,
1020,1,left,,,
1021,1,straight,,,
1022,1,left,,,
1023,1,straight,,,
1024,1,left,,,
1025,1,left,,,
1026,1,straight,,,
1027,1,straight,,,
1028,1,straight,,,
1029,1,straight,,,
1030,1,left,,,
1031,1,straight,,,
1032,1,straight,,,
1033,1,left,,,
1034,1,left,,,
1035,1,left,,,
1036,1,left,,,
1037,1,left,,,
1038,1,straight,,,
1039,1,left,,,
1040,1,straight,,,
1041,1,left,,,
1042,1,left,,,
1043,1,left,,,
1044,1,straight,,,
1045,1,left,,,
1046,1,straight,,,
1047,1,left,,,
1048,1,straight,,,
1049,1,straight,,,
1050,1,left,,,
1051,1,left,,,
1052,1,straight,,,
1053,1,straight,,,
1054,1,straight,,,
1055,1,straight,,,
1056,1,left,,,
1057,1,straight,,,
1058,1,straight,,,
1059,1,left,,,
1060,1,straight,,,
1061,1,left,,,
1062,1,straight,,,
1063,1,straight,,,
1064,1,straight,,,
1065,1,left,,,
1066,1,straight,,,
1067,1,straight,,,
1068,1,left,,,
1069,1,left,,,
1070,1,straight,,,
1071,1,straight,,,
1072,1,left,,,
1073,1,left,,,
1074,1,straight,,,
1075,1,straight,,,
1076,1,left,,,
1077,1,left,,,
1078,1,straight,,,
1079,1,straight,,,
1080,1,straight,,,
1081,1,straight,,,
1082,1,straight,,,
1083,1,straight,,,
1084,1,left,,,
1085,1,left,,,
1086,1,left,,,
1087,1,left,,,
1088,1,left,,,
1089,1,straight,,,
1090,1,left,,,
1091,1,left,,,
1092,1,straight,,,
1093,1,left,,,
1094,1,left,,,
1095,1,left,,,
1096,1,straight,,,
1097,1,left,,,
1098,1,straight,,,
1099,1,straight,,,
1100,1,left,,,
1101,1,left,,,
1102,1,left,,,
1103,1,left,,,
1104,1,straight,,,
1105,1,straight,,,
1106,1,left,,,
1107,1,straight,,,
1108,1,straight,,,
1109,1,left,,,
1110,1,straight,,,
1111,1,left,,,
1112,1,left,,,
1113,1,left,,,
1114,1,straight,,,
1115,1,straight,,,
1116,1,left,,,
1117,1,straight,,,
1118,1,straight,,,
1119,1,straight,,,
1120,1,straight,,,
1121,1,straight,,,
1122,1,straight,,,
1123,1,straight,,,
1124,1,straight,,,
1125,1,left,,,
1126,1,left,,,
1127,1,straight,,,
1128,1,left,,,
1129,1,straight,,,
1130,1,left,,,
1131,1,left,,,
1132,1,straight,,,
1133,1,straight,,,
1134,1,left,,,
1135,1,straight,,,
1136,1,straight,,,
1137,1,straight,,,
1138,1,left,,,
1139,1,straight,,,
1140,1,straight,,,
1141,1,left,,,
1142,1,straight,,,
1143,1,straight,,,
1144,1,straight,,,
1145,1,straight,,,
1146,1,straight,,,
1147,1,left,,,
1148,1,left,,,
1149,1,left,,,
1150,1,left,,,
1151,1,straight,,,
1152,1,left,,,
1153,1,left,,,
1154,1,straight,,,
1155,1,left,,,
1156,1,left,,,
1157,1,straight,,,
1158,1,left,,,
1159,1,straight,,,
1160,1,left,,,
1161,1,straight,,,
1162,1,straight,,,
1163,1,straight,,,
1164,1,left,,,
1165,1,left,,,
1166,1,straight,,,
1167,1,straight,,,
1168,1,straight,,,
1169,1,left,,,
1170,1,left,,,
1171,1,left,,,
1172,1,straight,,,
1173,1,left,,,
1174,1,left,,,
1175,1,left,,,
1176,1,straight,,,
1177,1,left,,,
1178,1,left,,,
1179,1,straight,,,
1180,1,left,,,
1181,1,straight,,,
1182,1,straight,,,
1183,1,left,,,
1184,1,left,,,
1185,1,left,,,
1186,1,left,,,
1187,1,left,,,
1188,1,left,,,
1189,1,straight,,,
1190,1,left,,,
1191,1,left,,,
1192,1,straight,,,
1193,1,left,,,
1194,1,left,,,
1195,1,straight,,,
1196,1,straight,,,
1197,1,straight,,,
1198,1,straight,,,
1199,1,straight,,,
1200,1,left,,,
1201,1,left,,,
1202,1,left,,,
1203,1,left,,,
1204,1,straight,,,
1205,1,straight,,,
1206,1,straight,,,
1207,1,straight,,,
1208,1,straight,,,
1209,1,left,,,
1210,1,straight,,,
1211,1,left,,,
1212,1,straight,,,
1213,1,left,,,
1214,1,straight,,,
1215,1,straight,,,
1216,1,straight,,,
1217,1,left,,,
1218,1,straight,,,
1219,1,left,,,
1220,1,left,,,
1221,1,straight,,,
1222,1,straight,,,
1223,1,left,,,
1224,1,straight,,,
1225,1,straight,,,
1226,1,left,,,
1227,1,left,,,
1228,1,left,,,
1229,1,straight,,,
1230,1,left,,,
1231,1,left,,,
1232,1,straight,,,
1233,1,left,,,
1234,1,left,,,
1235,1,left,,,
1236,1,straight,,,
1237,1,left,,,
1238,1,left,,,
1239,1,straight,,,
1240,1,left,,,
1241,1,straight,,,
1242,1,left,,,
1243,1,straight,,,
1244,1,left,,,
1245,1,left,,,
1246,1,straight,,,
1247,1,left,,,
1248,1,left,,,
1249,1,left,,,
1250,1,straight,,,
1251,1,left,,,
1252,1,straight,,,
1253,1,left,,,
1254,1,left,,,
1255,1,straight,,,
1256,1,straight,,,
1257,1,left,,,
1258,1,straight,,,
1259,1,straight,,,
1260,1,left,,,
1261,1,straight,,,
1262,1,straight,,,
1263,1,straight,,,
1264,1,left,,,
1265,1,straight,,,
1266,1,straight,,,
1267,1,straight,,,
1268,1,left,,,
1269,1,left,,,
1270,1,left,,,
1271,1,straight,,,
1272,1,left,,,
1273,1,left,,,
1274,1,straight,,,
1275,1,left,,,
1276,1,left,,,
1277,1,straight,,,
1278,1,left,,,
1279,1,straight,,,
1280,1,left,,,
1281,1,left,,,
1282,1,left,,,
1283,1,straight,,,
1284,1,left,,,
1285,1,straight,,,
1286,1,straight,,,
1287,1,left,,,
1288,1,straight,,,
1289,1,straight,,,
1290,1,left,,,
1291,1,left,,,
1292,1,left,,,
1293,1,left,,,
1294,1,straight,,,
1295,1,straight,,,
1296,1,left,,,
1297,1,left,,,
1298,1,straight,,,
1299,1,straight,,,
1300,1,straight,,,
1301,1,left,,,
1302,1,left,,,
1303,1,straight,,,
1304,1,left,,,
1305,1,left,,,
1306,1,left,,,
1307,1,straight,,,
1308,1,left,,,
1309,1,left,,,
1310,1,left,,,
1311,1,straight,,,
1312,1,left,,,
1313,1,straight,,,
1314,1,straight,,,
1315,1,straight,,,
1316,1,straight,,,
1317,1,straight,,,
1318,1,left,,,
1319,1,left,,,
1320,1,left,,,
1321,1,straight,,,
1322,1,straight,,,
1323,1,straight,,,
1324,1,straight,,,
1325,1,straight,,,
1326,1,left,,,
1327,1,straight,,,
1328,1,straight,,,
1329,1,straight,,,
1330,1,left,,,
1331,1,straight,,,
1332,1,straight,,,
1333,1,left,,,
1334,1,straight,,,
1335,1,left,,,
1336,1,left,,,
1337,1,left,,,
1338,1,left,,,
1339,1,left,,,
1340,1,straight,,,
1341,1,left,,,
1342,1,straight,,,
1343,1,left,,,
1344,1,straight,,,
1345,1,left,,,
1346,1,straight,,,
1347,1,straight,,,
1348,1,straight,,,
1349,1,left,,,
1350,1,left,,,
1351,1,straight,,,
1352,1,left,,,
1353,1,straight,,,
1354,1,straight,,,
1355,1,straight,,,
1356,1,straight,,,
1357,1,straight,,,
1358,1,straight,,,
1359,1,left,,,
1360,1,straight,,,
1361,1,left,,,
1362,1,straight,,,
1363,1,straight,,,
1364,1,left,,,
1365,1,left,,,
1366,1,left,,,
1367,1,left,,,
1368,1,straight,,,
1369,1,straight,,,
1370,1,left,,,
1371,1,left,,,
1372,1,left,,,
1373,1,left,,,
1374,1,left,,,
1375,1,left,,,
1376,1,straight,,,
1377,1,straight,,,
1378,1,left,,,
1379,1,left,,,
1380,1,left,,,
1381,1,straight,,,
1382,1,left,,,
1383,1,straight,,,
1384,1,straight,,,
1385,1,straight,,,
1386,1,straight,,,
1387,1,straight,,,
1388,1,straight,,,
1389,1,left,,,
1390,1,left,,,
1391,1,straight,,,
1392,1,left,,,
1393,1,straight,,,
1394,1,straight,,,
1395,1,left,,,
1396,1,straight,,,
1397,1,straight,,,
1398,1,straight,,,
1399,1,left,,,
1400,1,left,,,
1401,1,left,,,
1402,1,straight,,,
1403,1,straight,,,
1404,1,straight,,,
1405,1,straight,,,
1406,1,straight,,,
1407,1,left,,,
1408,1,left,,,
1409,1,straight,,,
1410,1,straight,,,
1411,1,left,,,
1412,1,left,,,
1413,1,straight,,,
1414,1,straight,,,
1415,1,left,,,
1416,1,straight,,,
1417,1,left,,,
1418,1,left,,,
1419,1,left,,,
1420,1,left,,,
1421,1,left,,,
1422,1,straight,,,
1423,1,straight,,,
1424,1,straight,,,
1425,1,straight,,,
1426,1,straight,,,
1427,1,straight,,,
1428,1,left,,,
1429,1,straight,,,
1430,1,left,,,
1431,1,left,,,
1432,1,straight,,,
1433,1,left,,,
1434,1,left,,,
1435,1,straight,,,
1436,1,left,,,
1437,1,straight,,,
1438,1,left,,,
1439,1,left,,,
1440,1,straight,,,
1441,1,left,,,
1442,1,left,,,
1443,1,left,,,
1444,1,straight,,,
1445,1,straight,,,
1446,1,straight,,,
1447,1,straight,,,
1448,1,straight,,,
1449,1,straight,,,
1450,1,left,,,
1451,1,left,,,
1452,1,left,,,
1453,1,left,,,
1454,1,straight,,,
1455,1,left,,,
1456,1,left,,,
1457,1,straight,,,
1458,1,left,,,
1459,1,straight,,,
1460,1,left,,,
1461,1,straight,,,
1462,1,left,,,
1463,1,left,,,
1464,1,straight,,,
1465,1,left,,,
1466,1,straight,,,
1467,1,left,,,
1468,1,straight,,,
1469,1,straight,,,
1470,1,straight,,,
1471,1,straight,,,
1472,1,straight,,,
1473,1,left,,,
1474,1,straight,,,
1475,1,left,,,
1476,1,left,,,
1477,1,straight,,,
1478,1,left,,,
1479,1,straight,,,
1480,1,left,,,
1481,1,straight,,,
1482,1,left,,,
1483,1,left,,,
1484,1,left,,,
1485,1,left,,,
1486,1,left,,,
1487,1,straight,,,
1488,1,left,,,
1489,1,left,,,
1490,1,left,,,
1491,1,left,,,
1492,1,left,,,
1493,1,straight,,,
1494,1,left,,,
1495,1,straight,,,
1496,1,left,,,
1497,1,straight,,,
1498,1,left,,,
1499,1,left,,,
1500,1,left,,,
1501,1,straight,,,
1502,1,straight,,,
1503,1,straight,,,
1504,1,left,,,
1505,1,straight,,,
1506,1,straight,,,
1507,1,straight,,,
1508,1,left,,,
1509,1,straight,,,
1510,1,straight,,,
1511,1,straight,,,
1512,1,straight,,,
1513,1,straight,,,
1514,1,straight,,,
1515,1,left,,,
1516,1,left,,,
1517,1,left,,,
1518,1,straight,,,
1519,1,straight,,,
1520,1,straight,,,
1521,1,left,,,
1522,1,straight,,,
1523,1,straight,,,
1524,1,straight,,,
1525,1,left,,,
1526,1,straight,,,
1527,1,left,,,
1528,1,straight,,,
1529,1,left,,,
1530,1,straight,,,
1531,1,left,,,
1532,1,left,,,
1533,1,straight,,,
1534,1,left,,,
1535,1,straight,,,
1536,1,straight,,,
1537,1,left,,,
1538,1,left,,,
1539,1,straight,,,
1540,1,left,,,
1541,1,straight,,,
1542,1,left,,,
1543,1,left,,,
1544,1,left,,,
1545,1,left,,,
1546,1,left,,,
1547,1,straight,,,
1548,1,straight,,,
1549,1,left,,,
1550,1,left,,,
1551,1,straight,,,
1552,1,straight,,,
1553,1,straight,,,
1554,1,straight,,,
1555,1,left,,,
1556,1,straight,,,
1557,1,left,,,
1558,1,straight,,,
1559,1,left,,,
1560,1,straight,,,
1561,1,left,,,
1562,1,straight,,,
1563,1,straight,,,
1564,1,straight,,,
1565,1,left,,,
1566,1,straight,,,
1567,1,left,,,
1568,1,left,,,
1569,1,left,,,
1570,1,straight,,,
1571,1,left,,,
1572,1,straight,,,
1573,1,straight,,,
1574,1,left,,,
1575,1,straight,,,
1576,1,straight,,,
1577,1,left,,,
1578,1,straight,,,
1579,1,straight,,,
1580,1,left,,,
1581,1,left,,,
1582,1,straight,,,
1583,1,straight,,,
1584,1,straight,,,
1585,1,straight,,,
1586,1,straight,,,
1587,1,straight,,,
1588,1,left,,,
1589,1,left,,,
1590,1,straight,,,
1591,1,straight,,,
1592,1,left,,,
1593,1,straight,,,
1594,1,left,,,
1595,1,left,,,
1596,1,straight,,,
1597,1,straight,,,
1598,1,straight,,,
1599,1,straight,,,
1600,1,left,,,
1601,1,left,,,
1602,1,straight,,,
1603,1,left,,,
1604,1,left,,,
1605,1,left,,,
1606,1,left,,,
1607,1,left,,,
1608,1,left,,,
1609,1,straight,,,
1610,1,left,,,
1611,1,left,,,
1612,1,left,,,
1613,1,left,,,
1614,1,left,,,
1615,1,left,,,
1616,1,left,,,
1617,1,left,,,
1618,1,straight,,,
1619,1,straight,,,
1620,1,straight,,,
1621,1,straight,,,
1622,1,left,,,
1623,1,straight,,,
1624,1,left,,,
1625,1,left,,,
1626,1,left,,,
1627,1,left,,,
1628,1,straight,,,
1629,1,straight,,,
1630,1,straight,,,
1631,1,left,,,
1632,1,left,,,
1633,1,left,,,
1634,1,straight,,,
1635,1,straight,,,
1636,1,left,,,
1637,1,straight,,,
1638,1,straight,,,
1639,1,straight,,,
1640,1,left,,,
1641,1,left,,,
1642,1,straight,,,
1643,1,left,,,
1644,1,left,,,
1645,1,straight,,,
1646,1,left,,,
1647,1,left,,,
1648,1,left,,,
1649,1,straight,,,
1650,1,left,,,
1651,1,straight,,,
1652,1,left,,,
1653,1,straight,,,
1654,1,left,,,
1655,1,left,,,
1656,1,straight,,,
1657,1,left,,,
1658,1,left,,,
1659,1,straight,,,
1660,1,left,,,
1661,1,straight,,,
1662,1,left,,,
1663,1,straight,,,
1664,1,straight,,,
1665,1,left,,,
1666,1,left,,,
1667,1,left,,,
1668,1,straight,,,
1669,1,left,,,
1670,1,straight,,,
1671,1,straight,,,
1672,1,left,,,
1673,1,left,,,
1674,1,left,,,
1675,1,left,,,
1676,1,left,,,
1677,1,left,,,
1678,1,left,,,
1679,1,left,,,
1680,1,left,,,
1681,1,left,,,
1682,1,straight,,,
1683,1,left,,,
1684,1,straight,,,
1685,1,left,,,
1686,1,left,,,
1687,1,straight,,,
1688,1,straight,,,
1689,1,left,,,
1690,1,straight,,,
1691,1,straight,,,
1692,1,straight,,,
1693,1,left,,,
1694,1,straight,,,
1695,1,left,,,
1696,1,left,,,
1697,1,straight,,,
1698,1,straight,,,
1699,1,straight,,,
1700,1,left,,,
1701,1,straight,,,
1702,1,left,,,
1703,1,left,,,
1704,1,straight,,,
1705,1,left,,,
1706,1,straight,,,
1707,1,left,,,
1708,1,left,,,
1709,1,straight,,,
1710,1,straight,,,
1711,1,left,,,
1712,1,straight,,,
1713,1,straight,,,
1714,1,left,,,
1715,1,left,,,
1716,1,straight,,,
1717,1,straight,,,
1718,1,straight,,,
1719,1,straight,,,
1720,1,left,,,
1721,1,left,,,
1722,1,straight,,,
1723,1,straight,,,
1724,1,straight,,,
1725,1,straight,,,
1726,1,straight,,,
1727,1,straight,,,
1728,1,left,,,
1729,1,left,,,
1730,1,left,,,
1731,1,left,,,
1732,1,straight,,,
1733,1,straight,,,
1734,1,straight,,,
1735,1,straight,,,
1736,1,straight,,,
1737,1,straight,,,
1738,1,straight,,,
1739,1,straight,,,
1740,1,straight,,,
1741,1,left,,,
1742,1,left,,,
1743,1,straight,,,
1744,1,left,,,
1745,1,left,,,
1746,1,straight,,,
1747,1,straight,,,
1748,1,straight,,,
1749,1,left,,,
1750,1,straight,,,
1751,1,straight,,,
1752,1,straight,,,
1753,1,straight,,,
1754,1,straight,,,
1755,1,left,,,
1756,1,left,,,
1757,1,left,,,
1758,1,left,,,
1759,1,straight,,,
1760,1,left,,,
1761,1,straight,,,
1762,1,left,,,
1763,1,left,,,
1764,1,left,,,
1765,1,left,,,
1766,1,straight,,,
1767,1,left,,,
1768,1,left,,,
1769,1,straight,,,
1770,1,left,,,
1771,1,left,,,
1772,1,left,,,
1773,1,left,,,
1774,1,left,,,
1775,1,left,,,
1776,1,straight,,,
1777,1,left,,,
1778,1,left,,,
1779,1,left,,,
1780,1,left,,,
1781,1,straight,,,
1782,1,straight,,,
1783,1,left,,,
1784,1,left,,,
1785,1,straight,,,
1786,1,left,,,
1787,1,left,,,
1788,1,left,,,
1789,1,left,,,
1790,1,straight,,,
1791,1,straight,,,
1792,1,straight,,,
1793,1,left,,,
1794,1,straight,,,
1795,1,left,,,
1796,1,left,,,
1797,1,straight,,,
1798,1,left,,,
1799,1,left,,,
1800,1,straight,,,
1801,1,straight,,,
1802,1,left,,,
1803,1,straight,,,
1804,1,left,,,
1805,1,straight,,,
1806,1,left,,,
1807,1,left,,,
1808,1,straight,,,
1809,1,left,,,
1810,1,left,,,
1811,1,straight,,,
1812,1,straight,,,
1813,1,left,,,
1814,1,straight,,,
1815,1,left,,,
1816,1,left,,,
1817,1,straight,,,
1818,1,straight,,,
1819,1,straight,,,
1820,1,left,,,
1821,1,straight,,,
1822,1,straight,,,
1823,1,straight,,,
1824,1,straight,,,
1825,1,straight,,,
1826,1,left,,,
1827,1,left,,,
1828,1,straight,,,
1829,1,left,,,
1830,1,left,,,
1831,1,straight,,,
1832,1,left,,,
1833,1,straight,,,
1834,1,straight,,,
1835,1,left,,,
1836,1,left,,,
1837,1,straight,,,
1838,1,straight,,,
1839,1,straight,,,
1840,1,left,,,
1841,1,left,,,
1842,1,straight,,,
1843,1,straight,,,
1844,1,left,,,
1845,1,straight,,,
1846,1,straight,,,
1847,1,straight,,,
1848,1,straight,,,
1849,1,left,,,
1850,1,left,,,
1851,1,left,,,
1852,1,straight,,,
1853,1,straight,,,
1854,1,straight,,,
1855,1,left,,,
1856,1,straight,,,
1857,1,left,,,
1858,1,straight,,,
1859,1,left,,,
1860,1,left,,,
1861,1,straight,,,
1862,1,left,,,
1863,1,straight,,,
1864,1,left,,,
1865,1,straight,,,
1866,1,left,,,
1867,1,left,,,
1868,1,straight,,,
1869,1,left,,,
1870,1,straight,,,
1871,1,left,,,
1872,1,straight,,,
1873,1,left,,,
1874,1,straight,,,
1875,1,straight,,,
1876,1,left,,,
1877,1,left,,,
1878,1,left,,,
1879,1,left,,,
1880,1,left,,,
1881,1,straight,,,
1882,1,left,,,
1883,1,left,,,
1884,1,straight,,,
1885,1,straight,,,
1886,1,straight,,,
1887,1,left,,,
1888,1,straight,,,
1889,1,left,,,
1890,1,left,,,
1891,1,straight,,,
1892,1,straight,,,
1893,1,straight,,,
1894,1,left,,,
1895,1,left,,,
1896,1,straight,,,
1897,1,straight,,,
1898,1,straight,,,
1899,1,left,,,
1900,1,left,,,
1901,1,straight,,,
1902,1,left,,,
1903,1,left,,,
1904,1,left,,,
1905,1,straight,,,
1906,1,straight,,,
1907,1,left,,,
1908,1,straight,,,
1909,1,left,,,
1910,1,straight,,,
1911,1,straight,,,
1912,1,left,,,
1913,1,straight,,,
1914,1,straight,,,
1915,1,straight,,,
1916,1,straight,,,
1917,1,straight,,,
1918,1,straight,,,
1919,1,left,,,
1920,1,straight,,,
1921,1,left,,,
1922,1,straight,,,
1923,1,left,,,
1924,1,left,,,
1925,1,left,,,
1926,1,left,,,
1927,1,left,,,
1928,1,left,,,
1929,1,left,,,
1930,1,left,,,
1931,1,straight,,,
1932,1,left,,,
1933,1,left,,,
1934,1,straight,,,
1935,1,left,,,
1936,1,left,,,
1937,1,left,,,
1938,1,left,,,
1939,1,left,,,
1940,1,left,,,
1941,1,straight,,,
1942,1,straight,,,
1943,1,straight,,,
1944,1,left,,,
1945,1,left,,,
1946,1,left,,,
1947,1,left,,,
1948,1,straight,,,
1949,1,left,,,
1950,1,left,,,
1951,1,straight,,,
1952,1,straight,,,
1953,1,left,,,
1954,1,left,,,
1955,1,straight,,,
1956,1,straight,,,
1957,1,left,,,
1958,1,straight,,,
1959,1,left,,,
1960,1,left,,,
1961,1,straight,,,
1962,1,straight,,,
1963,1,straight,,,
1964,1,straight,,,
1965,1,straight,,,
1966,1,left,,,
1967,1,left,,,
1968,1,left,,,
1969,1,left,,,
1970,1,straight,,,
1971,1,straight,,,
1972,1,left,,,
1973,1,left,,,
1974,1,straight,,,
1975,1,left,,,
1976,1,straight,,,
1977,1,straight,,,
1978,1,straight,,,
1979,1,straight,,,
1980,1,left,,,
1981,1,left,,,
1982,1,straight,,,
1983,1,straight,,,
1984,1,straight,,,
1985,1,straight,,,
1986,1,left,,,
1987,1,straight,,,
1988,1,left,,,
1989,1,left,,,
1990,1,left,,,
1991,1,straight,,,
1992,1,straight,,,
1993,1,straight,,,
1994,1,straight,,,
1995,1,left,,,
1996,1,left,,,
1997,1,straight,,,
1998,1,left,,,
1999,1,straight,,,
2000,1,straight,,,
2001,1,left,,,
2002,1,straight,,,
2003,1,left,,,
2004,1,left,,,
2005,1,straight,,,
2006,1,straight,,,
2007,1,straight,,,
2008,1,left,,,
2009,1,straight,,,
2010,1,left,,,
2011,1,straight,,,
2012,1,left,,,
2013,1,left,,,
2014,1,left,,,
2015,1,straight,,,
2016,1,left,,,
2017,1,left,,,
2018,1,left,,,
2019,1,straight,,,
2020,1,straight,,,
2021,1,straight,,,
2022,1,left,,,
2023,1,straight,,,
2024,1,left,,,
2025,1,straight,,,
2026,1,left,,,
2027,1,left,,,
2028,1,straight,,,
2029,1,straight,,,
2030,1,straight,,,
2031,1,straight,,,
2032,1,straight,,,
2033,1,left,,,
2034,1,straight,,,
2035,1,left,,,
2036,1,left,,,
2037,1,left,,,
2038,1,left,,,
2039,1,straight,,,
2040,1,straight,,,
2041,1,left,,,
2042,1,straight,,,
2043,1,left,,,
2044,1,left,,,
2045,1,left,,,
2046,1,straight,,,
2047,1,straight,,,
2048,1,straight,,,
2049,1,straight,,,
2050,1,left,,,
2051,1,straight,,,
2052,1,straight,,,
2053,1,straight,,,
2054,1,straight,,,
2055,1,left,,,
2056,1,straight,,,
2057,1,straight,,,
2058,1,left,,,
2059,1,straight,,,
2060,1,left,,,
2061,1,straight,,,
2062,1,straight,,,
2063,1,straight,,,
2064,1,straight,,,
2065,1,straight,,,
2066,1,left,,,
2067,1,straight,,,
2068,1,left,,,
2069,1,left,,,
2070,1,straight,,,
2071,1,straight,,,
2072,1,left,,,
2073,1,straight,,,
2074,1,straight,,,
2075,1,left,,,
2076,1,left,,,
2077,1,straight,,,
2078,1,left,,,
2079,1,straight,,,
2080,1,straight,,,
2081,1,straight,,,
2082,1,straight,,,
2083,1,left,,,
2084,1,straight,,,
2085,1,left,,,
2086,1,left,,,
2087,1,left,,,
2088,1,left,,,
2089,1,straight,,,
2090,1,left,,,
2091,1,straight,,,
2092,1,left,,,
2093,1,straight,,,
2094,1,straight,,,
2095,1,straight,,,
2096,1,straight,,,
2097,1,left,,,
2098,1,left,,,
2099,1,straight,,,
2100,1,left,,,
2101,1,left,,,
2102,1,straight,,,
2103,1,straight,,,
2104,1,straight,,,
2105,1,straight,,,
2106,1,left,,,
2107,1,left,,,
2108,1,straight,,,
2109,1,left,,,
2110,1,left,,,
2111,1,straight,,,
2112,1,left,,,
2113,1,left,,,
2114,1,straight,,,
2115,1,left,,,
2116,1,left,,,
2117,1,straight,,,
2118,1,straight,,,
2119,1,left,,,
2120,1,left,,,
2121,1,straight,,,
2122,1,straight,,,
2123,1,straight,,,
2124,1,straight,,,
2125,1,left,,,
2126,1,straight,,,
2127,1,straight,,,
2128,1,straight,,,
2129,1,left,,,
2130,1,straight,,,
2131,1,left,,,
2132,1,straight,,,
2133,1,straight,,,
2134,1,left,,,
2135,1,straight,,,
2136,1,straight,,,
2137,1,straight,,,
2138,1,straight,,,
2139,1,left,,,
2140,1,left,,,
2141,1,left,,,
2142,1,left,,,
2143,1,straight,,,
2144,1,left,,,
2145,1,left,,,
2146,1,straight,,,
2147,1,left,,,
2148,1,left,,,
2149,1,left,,,
2150,1,straight,,,
2151,1,left,,,
2152,1,left,,,
2153,1,straight,,,
2154,1,straight,,,
2155,1,straight,,,
2156,1,straight,,,
2157,1,left,,,
2158,1,straight,,,
2159,1,straight,,,
2160,1,left,,,
2161,1,left,,,
2162,1,straight,,,
2163,1,left,,,
2164,1,left,,,
2165,1,straight,,,
2166,1,straight,,,
2167,1,straight,,,
2168,1,straight,,,
2169,1,left,,,
2170,1,straight,,,
2171,1,left,,,
2172,1,straight,,,
2173,1,left,,,
2174,1,left,,,
2175,1,left,,,
2176,1,left,,,
2177,1,straight,,,
2178,1,left,,,
2179,1,straight,,,
2180,1,straight,,,
2181,1,straight,,,
2182,1,left,,,
2183,1,straight,,,
2184,1,left,,,
2185,1,straight,,,
2186,1,straight,,,
2187,1,left,,,
2188,1,straight,,,
2189,1,left,,,
2190,1,straight,,,
2191,1,left,,,
2192,1,straight,,,
2193,1,straight,,,
2194,1,straight,,,
2195,1,straight,,,
2196,1,left,,,
2197,1,left,,,
2198,1,left,,,
2199,1,straight,,,
2200,1,straight,,,
2201,1,straight,,,
2202,1,straight,,,
2203,1,left,,,
2204,1,straight,,,
2205,1,left,,,
2206,1,straight,,,
2207,1,straight,,,
2208,1,left,,,
2209,1,left,,,
2210,1,straight,,,
2211,1,straight,,,
2212,1,straight,,,
2213,1,left,,,
2214,1,straight,,,
2215,1,left,,,
2216,1,straight,,,
2217,1,left,,,
2218,1,left,,,
2219,1,left,,,
2220,1,straight,,,
2221,1,straight,,,
2222,1,straight,,,
2223,1,straight,,,
2224,1,left,,,
2225,1,straight,,,
2226,1,straight,,,
2227,1,left,,,
2228,1,left,,,
2229,1,straight,,,
2230,1,left,,,
2231,1,straight,,,
2232,1,left,,,
2233,1,left,,,
2234,1,left,,,
2235,1,straight,,,
2236,1,left,,,
2237,1,straight,,,
2238,1,straight,,,
2239,1,straight,,,
2240,1,straight,,,
2241,1,left,,,
2242,1,left,,,
2243,1,left,,,
2244,1,straight,,,
2245,1,straight,,,
2246,1,left,,,
2247,1,straight,,,
2248,1,left,,,
2249,1,left,,,
2250,1,straight,,,
2251,1,left,,,
2252,1,straight,,,
2253,1,left,,,
2254,1,straight,,,
2255,1,left,,,
2256,1,left,,,
2257,1,straight,,,
2258,1,straight,,,
2259,1,left,,,
2260,1,left,,,
2261,1,straight,,,
2262,1,left,,,
2263,1,left,,,
2264,1,left,,,
2265,1,left,,,
2266,1,straight,,,
2267,1,straight,,,
2268,1,straight,,,
2269,1,left,,,
2270,1,straight,,,
2271,1,straight,,,
2272,1,straight,,,
2273,1,straight,,,
2274,1,straight,,,
2275,1,straight,,,
2276,1,left,,,
2277,1,straight,,,
2278,1,straight,,,
2279,1,left,,,
2280,1,left,,,
2281,1,left,,,
2282,1,left,,,
2283,1,left,,,
2284,1,straight,,,
2285,1,straight,,,
2286,1,straight,,,
2287,1,left,,,
2288,1,straight,,,
2289,1,left,,,
2290,1,left,,,
2291,1,straight,,,
2292,1,straight,,,
2293,1,left,,,
2294,1,left,,,
2295,1,straight,,,
2296,1,straight,,,
2297,1,left,,,
2298,1,straight,,,
2299,1,left,,,
2300,1,left,,,
2301,1,straight,,,
2302,1,straight,,,
2303,1,left,,,
2304,1,left,,,
2305,1,straight,,,
2306,1,straight,,,
2307,1,straight,,,
2308,1,left,,,
2309,1,left,,,
2310,1,left,,,
2311,1,left,,,
2312,1,straight,,,
2313,1,left,,,
2314,1,straight,,,
2315,1,left,,,
2316,1,left,,,
2317,1,left,,,
2318,1,straight,,,
2319,1,left,,,
2320,1,straight,,,
2321,1,straight,,,
2322,1,straight,,,
2323,1,straight,,,
2324,1,straight,,,
2325,1,left,,,
2326,1,straight,,,
2327,1,left,,,
2328,1,left,,,
2329,1,left,,,
2330,1,straight,,,
2331,1,straight,,,
2332,1,straight,,,
2333,1,left,,,
2334,1,straight,,,
2335,1,straight,,,
2336,1,straight,,,
2337,1,straight,,,
2338,1,left,,,
2339,1,left,,,
2340,1,left,,,
2341,1,straight,,,
2342,1,left,,,
2343,1,left,,,
2344,1,left,,,
2345,1,straight,,,
2346,1,left,,,
2347,1,left,,,
2348,1,left,,,
2349,1,straight,,,
2350,1,left,,,
2351,1,straight,,,
2352,1,straight,,,
2353,1,straight,,,
2354,1,straight,,,
2355,1,left,,,
2356,1,left,,,
2357,1,left,,,
2358,1,straight,,,
2359,1,left,,,
2360,1,left,,,
2361,1,left,,,
2362,1,left,,,
2363,1,straight,,,
2364,1,left,,,
2365,1,left,,,
2366,1,straight,,,
2367,1,straight,,,
2368,1,straight,,,
2369,1,left,,,
2370,1,straight,,,
2371,1,left,,,
2372,1,left,,,
2373,1,straight,,,
2374,1,straight,,,
2375,1,straight,,,
2376,1,straight,,,
2377,1,straight,,,
2378,1,left,,,
2379,1,left,,,
2380,1,left,,,
2381,1,left,,,
2382,1,straight,,,
2383,1,straight,,,
2384,1,straight,,,
2385,1,left,,,
2386,1,straight,,,
2387,1,left,,,
2388,1,straight,,,
2389,1,left,,,
2390,1,left,,,
2391,1,left,,,
2392,1,straight,,,
2393,1,left,,,
2394,1,left,,,
2395,1,left,,,
2396,1,straight,,,
2397,1,left,,,
2398,1,straight,,,
2399,1,straight,,,
2400,1,straight,,,
2401,1,straight,,,
2402,1,straight,,,
2403,1,left,,,
2404,1,left,,,
2405,1,left,,,
2406,1,left,,,
2407,1,left,,,
2408,1,left,,,
2409,1,straight,,,
2410,1,left,,,
2411,1,left,,,
2412,1,left,,,
2413,1,straight,,,
2414,1,straight,,,
2415,1,straight,,,
2416,1,straight,,,
2417,1,left,,,
2418,1,straight,,,
2419,1,straight,,,
2420,1,left,,,
2421,1,straight,,,
2422,1,left,,,
2423,1,straight,,,
2424,1,straight,,,
2425,1,straight,,,
2426,1,straight,,,
2427,1,left,,,
2428,1,straight,,,
2429,1,straight,,,
2430,1,left,,,
2431,1,straight,,,
2432,1,left,,,
2433,1,left,,,
2434,1,left,,,
2435,1,straight,,,
2436,1,straight,,,
2437,1,left,,,
2438,1,straight,,,
2439,1,straight,,,
2440,1,left,,,
2441,1,straight,,,
2442,1,left,,,
2443,1,left,,,
2444,1,straight,,,
2445,1,left,,,
2446,1,straight,,,
2447,1,straight,,,
2448,1,left,,,
2449,1,left,,,
2450,1,straight,,,
2451,1,straight,,,
2452,1,left,,,
2453,1,straight,,,
2454,1,straight,,,
2455,1,straight,,,
2456,1,straight,,,
2457,1,left,,,
2458,1,straight,,,
2459,1,left,,,
2460,1,left,,,
2461,1,left,,,
2462,1,straight,,,
2463,1,straight,,,
2464,1,left,,,
2465,1,left,,,
2466,1,left,,,
2467,1,left,,,
2468,1,straight,,,
2469,1,straight,,,
2470,1,straight,,,
2471,1,left,,,
2472,1,left,,,
2473,1,left,,,
2474,1,left,,,
2475,1,left,,,
2476,1,left,,,
2477,1,straight,,,
2478,1,left,,,
2479,1,left,,,
2480,1,left,,,
2481,1,left,,,
2482,1,left,,,
2483,1,left,,,
2484,1,left,,,
2485,1,straight,,,
2486,1,left,,,
2487,1,left,,,
2488,1,left,,,
2489,1,straight,,,
2490,1,left,,,
2491,1,straight,,,
2492,1,straight,,,
2493,1,straight,,,
2494,1,straight,,,
2495,1,straight,,,
2496,1,left,,,
2497,1,straight,,,
2498,1,left,,,
2499,1,straight,,,
2500,1,left,,,
2501,1,straight,,,
2502,1,straight,,,
2503,1,left,,,
2504,1,left,,,
2505,1,left,,,
2506,1,left,,,
2507,1,left,,,
2508,1,left,,,
2509,1,straight,,,
2510,1,straight,,,
2511,1,left,,,
2512,1,left,,,
2513,1,left,,,
2514,1,left,,,
2515,1,left,,,
2516,1,straight,,,
2517,1,straight,,,
2518,1,straight,,,
2519,1,straight,,,
2520,1,straight,,,
2521,1,straight,,,
2522,1,straight,,,
2523,1,straight,,,
2524,1,left,,,
2525,1,straight,,,
2526,1,left,,,
2527,1,left,,,
2528,1,straight,,,
2529,1,left,,,
2530,1,straight,,,
2531,1,straight,,,
2532,1,straight,,,
2533,1,straight,,,
2534,1,left,,,
2535,1,left,,,
2536,1,straight,,,
2537,1,straight,,,
2538,1,left,,,
2539,1,left,,,
2540,1,left,,,
2541,1,straight,,,
2542,1,left,,,
2543,1,left,,,
2544,1,left,,,
2545,1,straight,,,
2546,1,straight,,,
2547,1,left,,,
2548,1,left,,,
2549,1,left,,,
2550,1,straight,,,
2551,1,left,,,
2552,1,straight,,,
2553,1,straight,,,
2554,1,left,,,
2555,1,straight,,,
2556,1,straight,,,
2557,1,left,,,
2558,1,left,,,
2559,1,left,,,
2560,1,straight,,,
2561,1,left,,,
2562,1,straight,,,
2563,1,left,,,
2564,1,straight,,,
2565,1,left,,,
2566,1,straight,,,
2567,1,left,,,
2568,1,straight,,,
2569,1,left,,,
2570,1,left,,,
2571,1,straight,,,
2572,1,straight,,,
2573,1,left,,,
2574,1,straight,,,
2575,1,left,,,
2576,1,straight,,,
2577,1,left,,,
2578,1,left,,,
2579,1,left,,,
2580,1,left,,,
2581,1,straight,,,
2582,1,straight,,,
2583,1,left,,,
2584,1,left,,,
2585,1,straight,,,
2586,1,left,,,
2587,1,straight,,,
2588,1,straight,,,
2589,1,straight,,,
2590,1,left,,,
2591,1,left,,,
2592,1,straight,,,
2593,1,straight,,,
2594,1,straight,,,
2595,1,straight,,,
2596,1,left,,,
2597,1,straight,,,
2598,1,straight,,,
2599,1,straight,,,
2600,1,left,,,
2601,1,left,,,
2602,1,straight,,,
2603,1,straight,,,
2604,1,left,,,
2605,1,straight,,,
2606,1,left,,,
2607,1,straight,,,
2608,1,straight,,,
2609,1,left,,,
2610,1,left,,,
2611,1,left,,,
2612,1,straight,,,
2613,1,left,,,
2614,1,left,,,
2615,1,left,,,
2616,1,left,,,
2617,1,straight,,,
2618,1,left,,,
2619,1,left,,,
2620,1,left,,,
2621,1,straight,,,
2622,1,left,,,
2623,1,straight,,,
2624,1,straight,,,
2625,1,straight,,,
2626,1,left,,,
2627,1,left,,,
2628,1,left,,,
2629,1,left,,,
2630,1,straight,,,
2631,1,left,,,
2632,1,left,,,
2633,1,straight,,,
2634,1,straight,,,
2635,1,straight,,,
2636,1,straight,,,
2637,1,straight,,,
2638,1,straight,,,
2639,1,straight,,,
2640,1,left,,,
2641,1,straight,,,
2642,1,left,,,
2643,1,straight,,,
2644,1,left,,,
2645,1,straight,,,
2646,1,straight,,,
2647,1,left,,,
2648,1,left,,,
2649,1,straight,,,
2650,1,straight,,,
2651,1,straight,,,
2652,1,left,,,
2653,1,straight,,,
2654,1,left,,,
2655,1,left,,,
2656,1,left,,,
2657,1,left,,,
2658,1,straight,,,
2659,1,left,,,
2660,1,left,,,
2661,1,left,,,
2662,1,left,,,
2663,1,straight,,,
2664,1,straight,,,
2665,1,left,,,
2666,1,left,,,
2667,1,straight,,,
2668,1,straight,,,
2669,1,straight,,,
2670,1,straight,,,
2671,1,straight,,,
2672,1,straight,,,
2673,1,straight,,,
2674,1,straight,,,
2675,1,straight,,,
2676,1,straight,,,
2677,1,left,,,
2678,1,left,,,
2679,1,left,,,
2680,1,left,,,
2681,1,left,,,
2682,1,straight,,,
2683,1,left,,,
2684,1,straight,,,
2685,1,left,,,
2686,1,straight,,,
2687,1,straight,,,
2688,1,left,,,
2689,1,left,,,
2690,1,straight,,,
2691,1,left,,,
2692,1,straight,,,
2693,1,left,,,
2694,1,straight,,,
2695,1,straight,,,
2696,1,left,,,
2697,1,left,,,
2698,1,straight,,,
2699,1,straight,,,
2700,1,straight,,,
2701,1,straight,,,
2702,1,left,,,
2703,1,straight,,,
2704,1,straight,,,
2705,1,straight,,,
2706,1,left,,,
2707,1,left,,,
2708,1,left,,,
2709,1,straight,,,
2710,1,left,,,
2711,1,left,,,
2712,1,straight,,,
2713,1,straight,,,
2714,1,left,,,
2715,1,left,,,
2716,1,straight,,,
2717,1,straight,,,
2718,1,left,,,
2719,1,left,,,
2720,1,left,,,
2721,1,left,,,
2722,1,straight,,,
2723,1,straight,,,
2724,1,left,,,
2725,1,left,,,
2726,1,straight,,,
2727,1,left,,,
2728,1,left,,,
2729,1,straight,,,
2730,1,left,,,
2731,1,left,,,
2732,1,straight,,,
2733,1,left,,,
2734,1,straight,,,
2735,1,straight,,,
2736,1,left,,,
2737,1,left,,,
2738,1,straight,,,
2739,1,straight,,,
2740,1,left,,,
2741,1,left,,,
2742,1,straight,,,
2743,1,straight,,,
2744,1,straight,,,
2745,1,straight,,,
2746,1,straight,,,
2747,1,left,,,
2748,1,left,,,
2749,1,straight,,,
2750,1,left,,,
2751,1,straight,,,
2752,1,straight,,,
2753,1,straight,,,
2754,1,left,,,
2755,1,left,,,
2756,1,straight,,,
2757,1,straight,,,
2758,1,left,,,
2759,1,left,,,
2760,1,straight,,,
2761,1,left,,,
2762,1,straight,,,
2763,1,left,,,
2764,1,left,,,
2765,1,straight,,,
2766,1,straight,,,
2767,1,left,,,
2768,1,straight,,,
2769,1,straight,,,
2770,1,left,,,
2771,1,left,,,
2772,1,left,,,
2773,1,straight,,,
2774,1,straight,,,
2775,1,left,,,
2776,1,left,,,
2777,1,straight,,,
2778,1,straight,,,
2779,1,straight,,,
2780,1,straight,,,
2781,1,left,,,
2782,1,straight,,,
2783,1,straight,,,
2784,1,straight,,,
2785,1,straight,,,
2786,1,straight,,,
2787,1,left,,,
2788,1,straight,,,
2789,1,left,,,
2790,1,left,,,
2791,1,straight,,,
2792,1,left,,,
2793,1,straight,,,
2794,1,straight,,,
2795,1,straight,,,
2796,1,straight,,,
2797,1,straight,,,
2798,1,left,,,
2799,1,left,,,
2800,1,straight,,,
2801,1,straight,,,
2802,1,left,,,
2803,1,left,,,
2804,1,straight,,,
2805,1,straight,,,
2806,1,straight,,,
2807,1,straight,,,
2808,1,straight,,,
2809,1,straight,,,
2810,1,left,,,
2811,1,straight,,,
2812,1,left,,,
2813,1,straight,,,
2814,1,left,,,
2815,1,left,,,
2816,1,left,,,
2817,1,straight,,,
2818,1,straight,,,
2819,1,straight,,,
2820,1,straight,,,
2821,1,straight,,,
2822,1,straight,,,
2823,1,straight,,,
2824,1,straight,,,
2825,1,left,,,
2826,1,left,,,
2827,1,straight,,,
2828,1,left,,,
2829,1,left,,,
2830,1,left,,,
2831,1,left,,,
2832,1,straight,,,
2833,1,straight,,,
2834,1,straight,,,
2835,1,left,,,
2836,1,left,,,
2837,1,left,,,
2838,1,straight,,,
2839,1,left,,,
2840,1,left,,,
2841,1,left,,,
2842,1,left,,,
2843,1,left,,,
2844,1,left,,,
2845,1,left,,,
2846,1,left,,,
2847,1,straight,,,
2848,1,left,,,
2849,1,left,,,
2850,1,left,,,
2851,1,straight,,,
2852,1,left,,,
2853,1,straight,,,
2854,1,straight,,,
2855,1,left,,,
2856,1,straight,,,
2857,1,left,,,
2858,1,straight,,,
2859,1,left,,,
2860,1,left,,,
2861,1,straight,,,
2862,1,straight,,,
2863,1,left,,,
2864,1,straight,,,
2865,1,straight,,,
2866,1,left,,,
2867,1,left,,,
2868,1,straight,,,
2869,1,straight,,,
2870,1,straight,,,
2871,1,left,,,
2872,1,left,,,
2873,1,left,,,
2874,1,straight,,,
2875,1,left,,,
2876,1,left,,,
2877,1,left,,,
2878,1,left,,,
2879,1,straight,,,
2880,1,left,,,
2881,1,left,,,
2882,1,straight,,,
2883,1,straight,,,
2884,1,straight,,,
2885,1,straight,,,
2886,1,straight,,,
2887,1,straight,,,
2888,1,straight,,,
2889,1,straight,,,
2890,1,left,,,
2891,1,left,,,
2892,1,straight,,,
2893,1,left,,,
2894,1,left,,,
2895,1,straight,,,
2896,1,straight,,,
2897,1,left,,,
2898,1,straight,,,
2899,1,straight,,,
2900,1,straight,,,
2901,1,left,,,
2902,1,left,,,
2903,1,left,,,
2904,1,left,,,
2905,1,left,,,
2906,1,left,,,
2907,1,left,,,
2908,1,left,,,
2909,1,straight,,,
2910,1,straight,,,
2911,1,straight,,,
2912,1,straight,,,
2913,1,left,,,
2914,1,left,,,
2915,1,left,,,
2916,1,straight,,,
2917,1,straight,,,
2918,1,left,,,
2919,1,straight,,,
2920,1,straight,,,
2921,1,straight,,,
2922,1,straight,,,
2923,1,left,,,
2924,1,left,,,
2925,1,left,,,
2926,1,straight,,,
2927,1,left,,,
2928,1,left,,,
2929,1,left,,,
2930,1,left,,,
2931,1,straight,,,
2932,1,straight,,,
2933,1,left,,,
2934,1,straight,,,
2935,1,left,,,
2936,1,left,,,
2937,1,left,,,
2938,1,straight,,,
2939,1,left,,,
2940,1,straight,,,
2941,1,left,,,
2942,1,left,,,
2943,1,straight,,,
2944,1,left,,,
2945,1,straight,,,
2946,1,straight,,,
2947,1,straight,,,
2948,1,left,,,
2949,1,straight,,,
2950,1,left,,,
2951,1,straight,,,
2952,1,straight,,,
2953,1,straight,,,
2954,1,left,,,
2955,1,straight,,,
2956,1,left,,,
2957,1,left,,,
2958,1,left,,,
2959,1,left,,,
2960,1,straight,,,
2961,1,straight,,,
2962,1,straight,,,
2963,1,left,,,
2964,1,left,,,
2965,1,straight,,,
2966,1,straight,,,
2967,1,left,,,
2968,1,left,,,
2969,1,straight,,,
2970,1,straight,,,
2971,1,straight,,,
2972,1,left,,,
2973,1,left,,,
2974,1,straight,,,
2975,1,left,,,
2976,1,left,,,
2977,1,left,,,
2978,1,straight,,,
2979,1,left,,,
2980,1,left,,,
2981,1,straight,,,
2982,1,left,,,
2983,1,left,,,
2984,1,straight,,,
2985,1,straight,,,
2986,1,straight,,,
2987,1,left,,,
2988,1,straight,,,
2989,1,left,,,
2990,1,straight,,,
2991,1,left,,,
2992,1,straight,,,
2993,1,straight,,,
2994,1,left,,,
2995,1,left,,,
2996,1,left,,,
2997,1,straight,,,
2998,1,left,,,
2999,1,left,,,
3000,1,straight,,,
3001,1,left,,,
3002,1,left,,,
3003,1,straight,,,
3004,1,left,,,
3005,1,left,,,
3006,1,straight,,,
3007,1,left,,,
3008,1,straight,,,
3009,1,left,,,
3010,1,left,,,
3011,1,left,,,
3012,1,straight,,,
3013,1,left,,,
3014,1,straight,,,
3015,1,straight,,,
3016,1,straight,,,
3017,1,left,,,
3018,1,left,,,
3019,1,left,,,
3020,1,straight,,,
3021,1,left,,,
3022,1,left,,,
3023,1,straight,,,
3024,1,straight,,,
3025,1,left,,,
3026,1,left,,,
3027,1,left,,,
3028,1,straight,,,
3029,1,left,,,
3030,1,straight,,,
3031,1,straight,,,
3032,1,straight,12.457206682027202,,
3033,1,straight,,,
3034,1,straight,,,
3035,1,left,,,
3036,1,straight,12.409127048888967,,
3037,1,left,,,
3038,1,left,12.393725587448246,,
3039,1,straight,,,
3040,1,straight,,,
3041,1,straight,12.431280161960302,,
3042,1,left,,,
3043,1,left,,,
3044,1,straight,,,
3045,1,left,,,
3046,1,left,,,
3047,1,straight,,,
3048,1,left,,,
3049,1,left,,,
3050,1,straight,,,
3051,1,left,,,
3052,1,straight,,,
3053,1,straight,,,
3054,1,left,,,
3055,1,straight,,,
3056,1,straight,,,
3057,1,straight,12.431280161960302,,
3058,1,left,,,
3059,1,straight,,,
3060,1,straight,12.394011094792194,,
3061,1,straight,,,
3062,1,straight,12.394011094792194,,
3063,1,left,,,
3064,1,left,12.330566429223767,,
3065,1,straight,,,
3066,1,straight,,,
3067,1,straight,12.356763572665766,,
3068,1,straight,,,
3069,1,straight,,,
3070,1,straight,,,
3071,1,left,,,
3072,1,straight,,,
3073,1,straight,,,
3074,1,straight,,,
3075,1,left,,,
3076,1,left,,,
3077,1,left,,,
3078,1,left,,,
3079,1,straight,,,
3080,1,left,,,
3081,1,straight,,,
3082,1,left,,,
3083,1,straight,,,
3084,1,straight,,,
3085,1,straight,,,
3086,1,left,12.293340617724303,,
3087,1,left,,,
3088,1,left,,,
3089,1,straight,,,
3090,1,straight,,,
3091,1,straight,,,
3092,1,straight,,,
3093,1,straight,,,
3094,1,left,,,
3095,1,left,,,
3096,1,left,,,
3097,1,straight,,,
3098,1,left,,,
3099,1,straight,,,
3100,1,straight,,,
3101,1,straight,,,
3102,1,straight,,,
3103,1,left,,,
3104,1,left,,,
3105,1,straight,,,
3106,1,left,,,
3107,1,left,,,
3108,1,straight,,,
3109,1,straight,,,
3110,1,straight,,,
3111,1,left,,,
3112,1,straight,,,
3113,1,straight,,,
3114,1,straight,,,
3115,1,straight,,,
3116,1,straight,,,
3117,1,left,,,
3118,1,left,,,
3119,1,straight,,,
3120,1,left,,,
3121,1,left,,,
3122,1,straight,,,
3123,1,straight,,,
3124,1,straight,,,
3125,1,left,,,
3126,1,left,,,
3127,1,straight,,,
3128,1,straight,,,
3129,1,straight,,,
3130,1,straight,,,
3131,1,straight,,,
3132,1,straight,,,
3133,1,straight,,,
3134,1,left,,,
3135,1,straight,,,
3136,1,straight,,,
3137,1,straight,,,
3138,1,straight,,,
3139,1,left,,,
3140,1,straight,,,
3141,1,straight,,,
3142,1,left,,,
3143,1,left,,,
3144,1,left,,,
3145,1,straight,,,
3146,1,left,,,
3147,1,straight,,,
3148,1,straight,,,
3149,1,left,,,
3150,1,straight,,,
3151,1,straight,,,
3152,1,left,,,
3153,1,left,,,
3154,1,straight,,,
3155,1,left,,,
3156,1,straight,,,
3157,1,straight,,,
3158,1,straight,,,
3159,1,left,,,
3160,1,left,,,
3161,1,straight,,,
3162,1,left,,,
3163,1,left,,,
3164,1,straight,,,
3165,1,left,,,
3166,1,straight,,,
3167,1,straight,,,
3168,1,straight,,,
3169,1,straight,,,
3170,1,straight,,,
3171,1,left,,,
3172,1,left,,,
3173,1,left,,,
3174,1,straight,,,
3175,1,left,,,
3176,1,straight,,,
3177,1,straight,,,
3178,1,left,,,
3179,1,left,,,
3180,1,straight,,,
3181,1,left,,,
3182,1,left,,,
3183,1,left,,,
3184,1,left,,,
3185,1,left,,,
3186,1,straight,,,
3187,1,left,,,
3188,1,straight,,,
3189,1,straight,,,
3190,1,left,,,
3191,1,left,,,
3192,1,left,,,
3193,1,left,,,
3194,1,straight,,,
3195,1,left,,,
3196,1,left,,,
3197,1,straight,,,
3198,1,straight,,,
3199,1,left,,,
3200,1,straight,,,
3201,1,left,,,
3202,1,left,,,
3203,1,straight,,,
3204,1,straight,,,
3205,1,straight,,,
3206,1,left,,,
3207,1,left,,,
3208,1,straight,,,
3209,1,straight,,,
3210,1,left,,,
3211,1,straight,,,
3212,1,straight,,,
3213,1,straight,,,
3214,1,straight,,,
3215,1,straight,,,
3216,1,left,,,
3217,1,left,,,
3218,1,left,,,
3219,1,left,,,
3220,1,left,,,
3221,1,left,,,
3222,1,left,,,
3223,1,straight,,,
3224,1,left,,,
3225,1,left,,,
3226,1,straight,,,
3227,1,left,,,
3228,1,straight,,,
3229,1,left,,,
3230,1,straight,,,
3231,1,straight,,,
3232,1,left,,,
3233,1,left,,,
3234,1,straight,,,
3235,1,left,,,
3236,1,left,,,
3237,1,straight,,,
3238,1,straight,,,
3239,1,left,,,
3240,1,left,,,
3241,1,left,,,
3242,1,left,,,
3243,1,left,,,
3244,1,left,,,
3245,1,straight,,,
3246,1,left,,,
3247,1,left,,,
3248,1,left,,,
3249,1,left,,,
3250,1,left,,,
3251,1,straight,,,
3252,1,straight,,,
3253,1,left,,,
3254,1,left,,,
3255,1,left,,,
3256,1,straight,,,
3257,1,straight,,,
3258,1,left,,,
3259,1,straight,,,
3260,1,left,,,
3261,1,left,,,
3262,1,left,,,
3263,1,left,,,
3264,1,straight,,,
3265,1,straight,,,
3266,1,straight,,,
3267,1,straight,,,
3268,1,left,,,
3269,1,straight,,,
3270,1,left,,,
3271,1,left,,,
3272,1,straight,,,
3273,1,left,,,
3274,1,left,,,
3275,1,straight,,,
3276,1,left,,,
3277,1,left,,,
3278,1,left,,,
3279,1,straight,,,
3280,1,left,,,
3281,1,left,,,
3282,1,straight,,,
3283,1,left,,,
3284,1,left,,,
3285,1,left,,,
3286,1,left,,,
3287,1,left,,,
3288,1,left,,,
3289,1,straight,,,
3290,1,left,,,
3291,1,straight,,,
3292,1,straight,,,
3293,1,straight,,,
3294,1,left,,,
3295,1,left,,,
3296,1,left,,,
3297,1,left,,,
3298,1,left,,,
3299,1,straight,,,
3300,1,left,,,
3301,1,straight,,,
3302,1,left,,,
3303,1,left,,,
3304,1,straight,,,
3305,1,straight,,,
3306,1,straight,18.437423290885384,,
3307,1,straight,,,
3308,1,left,,,
3309,1,straight,19.685153353242868,,
3310,1,straight,,,
3311,1,straight,,,
3312,1,left,,,
3313,1,left,,,
3314,1,straight,,,
3315,1,left,,,
3316,1,straight,,,
3317,1,left,,,
3318,1,straight,,,
3319,1,straight,,,
3320,1,left,,,
3321,1,straight,,,
3322,1,left,,,
3323,1,left,,,
3324,1,left,19.619408219372836,,
3325,1,left,,,
3326,1,straight,19.645605362814834,,
3327,1,straight,,,
3328,1,straight,,,
3329,1,left,,,
3330,1,left,,,
3331,1,left,,,
3332,1,left,,,
3333,1,left,,,
3334,1,left,,,
3335,1,straight,,,
3336,1,straight,,,
3337,1,left,,,
3338,1,straight,,,
3339,1,left,,,
3340,1,straight,,,
3341,1,left,,,
3342,1,straight,19.657273016746927,,
3343,1,left,,,
3344,1,straight,,,
3345,1,left,,,
3346,1,left,,,
3347,1,straight,19.657273016746927,,
3348,1,left,,,
3349,1,straight,19.657273016746927,,
3350,1,left,,,
3351,1,left,19.591532532944086,,
3352,1,left,19.591532532944086,,
3353,1,left,,,
3354,1,straight,,,
3355,1,straight,,,
3356,1,straight,19.708296450223045,,
3357,1,straight,19.708296450223045,,
3358,1,left,19.64254746982401,,
3359,1,left,,,
3360,1,left,,,
3361,1,straight,,,
3362,1,straight,,,
3363,1,left,,,
3364,1,left,,,
3365,1,straight,,,
3366,1,left,,,
3367,1,left,,,
3368,1,left,,,
3369,1,straight,,,
3370,1,left,19.64254746982401,,
3371,1,left,,,
3372,1,straight,,,
3373,1,left,,,
3374,1,straight,19.629199357450204,,
