configuration,"instruction type: [1, 1]",traffic const: 0.5,9000.0 cars / hour
car id,turn type,lane,optimal travel time,actual travel time,delay
0,1,left,5.360366341278288,15.100000000000001,9.739633658721713
1,1,left,5.144838960784993,23.0,17.855161039215005
2,1,left,4.923209815130485,16.3,11.376790184869517
3,1,straight,5.148168894922288,16.2,11.05183110507771
4,1,left,5.089374096855126,24.5,19.410625903144876
5,1,left,5.2467774896599995,31.700000000000003,26.453222510340005
6,1,straight,5.512320110362283,16.3,10.787679889637719
7,1,left,5.071239939985606,25.200000000000003,20.128760060014397
8,1,straight,5.171083069640617,14.0,8.828916930359384
9,1,straight,4.988308538830606,36.2,31.211691461169398
10,1,straight,5.36282409621419,42.1,36.73717590378581
11,1,straight,5.273073603010942,12.700000000000001,7.426926396989059
12,1,straight,5.552323393020139,50.6,45.04767660697986
13,1,left,5.459849270187078,53.900000000000006,48.44015072981293
14,1,straight,5.305902740181035,20.6,15.294097259818965
15,1,left,5.713640264128979,62.5,56.786359735871024
16,1,straight,4.868768898705305,13.200000000000001,8.331231101294696
17,1,left,6.011191359919056,71.0,64.98880864008095
18,1,straight,5.080104391930974,13.8,8.719895608069027
19,1,left,5.080043610084784,23.6,18.519956389915215
20,1,straight,5.12990204556802,31.3,26.17009795443198
21,1,straight,5.424957409500988,75.4,69.97504259049902
22,1,straight,5.624192925456991,83.9,78.27580707454301
23,1,straight,5.0550081371430435,24.3,19.244991862856956
24,1,straight,5.161522282662558,32.7,27.538477717337443
25,1,straight,4.832068330359433,12.4,7.567931669640568
26,1,left,4.747750075580025,38.7,33.95224992441998
27,1,left,4.759796395230068,47.6,42.84020360476993
28,1,left,4.8117933850333285,21.1,16.288206614966672
29,1,straight,6.454495966934805,84.5,78.0455040330652
30,1,left,5.20879937813962,31.6,26.39120062186038
31,1,left,6.447984795015472,93.4,86.95201520498453
32,1,straight,4.759042082626178,38.7,33.94095791737382
33,1,straight,6.941977976096223,93.10000000000001,86.15802202390378
34,1,left,5.431445450545814,49.300000000000004,43.86855454945419
35,1,straight,5.576714915356498,57.0,51.4232850846435
36,1,left,5.240237005476358,43.0,37.75976299452364
37,1,left,5.635688695714606,66.5,60.864311304285394
38,1,left,5.028485919373659,23.8,18.771514080626343
39,1,left,5.377076343447369,51.7,46.32292365655263
40,1,straight,5.599144484039896,59.900000000000006,54.30085551596011
41,1,left,5.038203824852122,25.3,20.26179617514788
42,1,left,5.146175782791081,34.1,28.95382421720892
43,1,straight,4.74087953000281,72.7,67.95912046999719
44,1,straight,4.892744548402354,63.800000000000004,58.90725545159765
45,1,straight,4.826702646621336,70.4,65.57329735337866
46,1,straight,4.891950381754193,79.2,74.3080496182458
47,1,straight,7.0955634349334,92.9,85.80443656506661
48,1,straight,5.329874829836523,42.400000000000006,37.07012517016348
49,1,left,5.823982919206717,69.7,63.87601708079329
50,1,left,7.0698179183160175,93.30000000000001,86.23018208168399
51,1,straight,4.745419380985405,44.800000000000004,40.0545806190146
52,1,straight,7.2535534152858006,92.60000000000001,85.34644658471422
53,1,left,7.1136247077486265,93.4,86.28637529225138
54,1,straight,7.090516965969311,93.0,85.90948303403069
55,1,straight,4.975271994688542,72.5,67.52472800531146
56,1,left,4.647378287210708,53.1,48.452621712789295
57,1,straight,5.06883406335853,81.0,75.93116593664146
58,1,straight,6.0296100760768025,77.2,71.1703899239232
59,1,straight,4.672974246202338,61.400000000000006,56.72702575379767
60,1,left,4.708888539397123,68.4,63.69111146060288
61,1,left,7.295431734077525,94.2,86.90456826592248
62,1,straight,4.674911524908619,76.0,71.32508847509138
63,1,straight,5.17748967641536,90.10000000000001,84.92251032358465
64,1,left,7.141382307468954,94.0,86.85861769253104
65,1,left,6.5363923336339536,86.2,79.66360766636605
66,1,straight,7.742600714002898,93.10000000000001,85.3573992859971
67,1,straight,4.672461859260277,84.80000000000001,80.12753814073973
68,1,left,7.227334744286814,93.5,86.27266525571318
69,1,left,5.00498900620999,89.9,84.89501099379001
70,1,left,7.076963774770394,93.30000000000001,86.22303622522962
71,1,left,7.118619383647637,93.4,86.28138061635237
72,1,left,7.7908450150787845,94.80000000000001,87.00915498492122
73,1,straight,6.237409589209764,92.30000000000001,86.06259041079025
74,1,left,7.528658750732801,94.4,86.8713412492672
75,1,left,7.139684274811256,93.7,86.56031572518874
76,1,left,7.21045195578389,93.80000000000001,86.58954804421612
77,1,left,7.625163536008107,94.0,86.3748364639919
78,1,left,7.7597899878303,94.10000000000001,86.3402100121697
79,1,left,7.5291388545057565,94.4,86.87086114549425
80,1,left,7.650983463481648,94.30000000000001,86.64901653651836
81,1,straight,8.219888110671622,94.30000000000001,86.08011188932839
82,1,straight,7.335231461067465,92.9,85.56476853893254
83,1,left,6.9206852391242295,102.60000000000001,95.67931476087578
84,1,left,7.277439619786931,93.60000000000001,86.32256038021308
85,1,straight,8.419080961531801,94.7,86.2809190384682
86,1,left,8.198796821533389,95.0,86.80120317846661
87,1,left,7.623140030098905,94.0,86.37685996990109
88,1,straight,6.739342299182889,101.80000000000001,95.06065770081712
89,1,straight,7.323941018051736,93.2,85.87605898194826
90,1,straight,7.159107490828888,93.0,85.84089250917111
91,1,straight,7.659710011592059,93.60000000000001,85.94028998840795
92,1,straight,7.836214879031371,93.60000000000001,85.76378512096863
93,1,straight,7.781239070924608,93.7,85.91876092907539
94,1,left,7.376521644054436,93.7,86.32347835594557
95,1,left,7.649496228953927,94.0,86.35050377104608
96,1,straight,7.069990852409243,93.0,85.93000914759075
97,1,straight,6.7380361362819405,101.4,94.66196386371807
98,1,straight,7.610563577460223,93.2,85.58943642253978
99,1,left,7.903331337100486,94.2,86.29666866289952
100,1,straight,7.516729462206953,93.5,85.98327053779305
101,1,left,7.051671427226748,93.60000000000001,86.54832857277326
102,1,left,7.297034595491041,94.2,86.90296540450896
103,1,left,7.051657935910893,93.30000000000001,86.24834206408912
104,1,straight,7.5631598045287065,93.0,85.43684019547129
105,1,left,7.143046854796015,93.4,86.256953145204
106,1,left,7.47804049946549,93.80000000000001,86.32195950053452
107,1,left,7.400310948104699,93.60000000000001,86.1996890518953
108,1,left,7.164452172506269,93.7,86.53554782749373
109,1,left,7.697222382592211,94.0,86.30277761740778
110,1,straight,7.578295792835037,92.9,85.32170420716497
111,1,left,6.927080600602313,93.0,86.07291939939769
112,1,left,7.226687596069395,93.7,86.4733124039306
113,1,left,7.247948503514914,94.10000000000001,86.85205149648509
114,1,straight,7.252753048818737,93.0,85.74724695118127
115,1,left,6.955652599784465,93.4,86.44434740021553
116,1,left,7.03813987676921,93.2,86.1618601232308
117,1,left,7.231973058700687,94.10000000000001,86.86802694129932
118,1,straight,7.58205804536285,93.2,85.61794195463715
119,1,straight,6.959962134869695,92.80000000000001,85.84003786513031
120,1,straight,6.941917332242867,92.7,85.75808266775714
121,1,left,6.8567302381864375,93.30000000000001,86.44326976181357
122,1,straight,7.368792057322914,93.4,86.03120794267709
123,1,straight,7.666289206055979,93.5,85.83371079394402
124,1,straight,6.877025845232486,92.80000000000001,85.92297415476753
125,1,left,6.777855208680714,93.2,86.42214479131928
126,1,left,6.947483224147188,93.4,86.45251677585281
127,1,left,7.388924027799623,93.60000000000001,86.21107597220039
128,1,straight,7.252141510030367,92.9,85.64785848996964
129,1,left,7.422128752707812,94.30000000000001,86.8778712472922
130,1,left,7.07605097670875,93.9,86.82394902329125
131,1,straight,7.249524794720963,93.4,86.15047520527904
132,1,left,7.641941518808883,93.9,86.25805848119113
133,1,left,7.1854411074306235,93.4,86.21455889256939
134,1,straight,6.99942086201139,92.80000000000001,85.80057913798862
135,1,left,7.018031793595578,93.80000000000001,86.78196820640443
136,1,straight,6.881879134894575,92.5,85.61812086510542
137,1,left,6.978815066975312,93.2,86.22118493302469
138,1,straight,7.303049299353343,92.60000000000001,85.29695070064666
139,1,left,6.9911766493715435,93.10000000000001,86.10882335062847
140,1,left,7.153948786183391,93.4,86.24605121381661
141,1,straight,7.315551880882557,93.0,85.68444811911745
142,1,straight,6.876280506960773,92.30000000000001,85.42371949303924
143,1,left,7.260239691829732,93.5,86.23976030817028
144,1,straight,7.278373813825899,92.80000000000001,85.52162618617412
145,1,straight,6.928373407673294,92.7,85.77162659232671
146,1,straight,7.181934376070196,93.10000000000001,85.9180656239298
147,1,straight,6.978966173835837,92.7,85.72103382616416
148,1,left,7.022998575686144,93.2,86.17700142431386
149,1,left,6.921484052191584,93.4,86.47851594780842
150,1,left,7.38580078063146,93.7,86.31419921936855
151,1,straight,7.003898257520995,93.2,86.196101742479
152,1,straight,7.017585908821158,92.7,85.68241409117884
153,1,left,6.94632236460142,93.10000000000001,86.1536776353986
154,1,straight,7.0217447382621865,92.9,85.87825526173782
155,1,left,6.829172625424736,93.30000000000001,86.47082737457528
156,1,straight,6.952048951777789,92.2,85.24795104822222
157,1,left,7.760454646724556,94.10000000000001,86.33954535327545
158,1,left,6.810452260768767,102.0,95.18954773923123
159,1,left,7.808967985366668,94.2,86.39103201463334
160,1,left,6.836339927161883,93.0,86.16366007283811
161,1,straight,8.029831533644368,93.4,85.37016846635564
162,1,left,6.906448586620852,93.7,86.79355141337915
163,1,left,7.159519711928544,93.4,86.24048028807147
164,1,left,6.917539607732651,93.7,86.78246039226735
165,1,straight,7.2901304623360454,93.4,86.10986953766395
166,1,straight,6.848225668538247,92.7,85.85177433146175
167,1,left,7.238490045544975,93.5,86.26150995445502
168,1,left,7.905341916686517,94.9,86.99465808331348
169,1,left,7.149073148450092,93.7,86.55092685154992
170,1,straight,7.837651330125411,93.7,85.86234866987459
171,1,left,6.843039819574727,93.30000000000001,86.45696018042528
172,1,straight,6.94133539519508,92.30000000000001,85.35866460480493
173,1,straight,8.027832932701301,93.80000000000001,85.77216706729871
174,1,straight,6.777907017758383,92.5,85.72209298224162
175,1,straight,6.917468827148826,92.7,85.78253117285118
176,1,left,7.982773756772186,94.4,86.41722624322782
177,1,left,6.907858682938401,93.7,86.7921413170616
178,1,straight,6.936264985576719,92.0,85.06373501442329
179,1,left,6.767776151042259,92.9,86.13222384895775
180,1,left,7.887594761274136,94.9,87.01240523872588
181,1,left,6.990353877166337,93.7,86.70964612283366
182,1,straight,7.2848324255449945,92.80000000000001,85.51516757445502
183,1,left,6.991735681706993,93.2,86.208264318293
184,1,straight,6.797940868425597,92.10000000000001,85.30205913157441
185,1,straight,7.589248336575919,92.9,85.31075166342409
186,1,left,7.1590877493079565,93.4,86.24091225069205
187,1,left,7.141503160661091,93.4,86.25849683933892
188,1,left,7.146496036748944,93.4,86.25350396325106
189,1,left,7.137300618492449,93.9,86.76269938150756
190,1,straight,7.11398466634384,93.0,85.88601533365616
191,1,straight,7.164482717848123,93.4,86.23551728215189
192,1,straight,7.097722432022921,93.0,85.90227756797708
193,1,left,7.265097533647779,93.5,86.23490246635222
194,1,left,7.159760530372422,94.0,86.84023946962758
195,1,straight,7.080071328151906,93.0,85.9199286718481
196,1,straight,7.951148285187324,94.2,86.24885171481267
197,1,straight,7.172866790760998,92.7,85.52713320923901
198,1,left,7.741320752462862,94.4,86.65867924753715
199,1,left,7.309053756845355,93.60000000000001,86.29094624315465
200,1,left,7.24083278673184,93.80000000000001,86.55916721326817
201,1,straight,7.62058105892985,93.10000000000001,85.47941894107016
202,1,straight,7.084447317638651,93.30000000000001,86.21555268236136
203,1,straight,7.097292953246307,93.0,85.90270704675369
204,1,left,6.963082771396412,93.2,86.23691722860359
205,1,left,7.568060590647795,93.9,86.33193940935222
206,1,straight,7.586609664593141,93.0,85.41339033540686
207,1,straight,7.703573624925943,93.60000000000001,85.89642637507407
208,1,left,7.415242839254972,94.0,86.58475716074503
209,1,straight,7.343608543836774,93.10000000000001,85.75639145616323
210,1,left,6.852802297415641,93.30000000000001,86.44719770258438
211,1,left,7.761809246318769,94.7,86.93819075368123
212,1,straight,7.021853533080847,92.60000000000001,85.57814646691916
213,1,straight,7.089370971275071,93.10000000000001,86.01062902872494
214,1,straight,7.098598237298196,92.7,85.60140176270181
215,1,straight,7.092612134879346,93.0,85.90738786512065
216,1,straight,6.837828652917403,102.0,95.16217134708259
217,1,straight,6.983372300031657,92.4,85.41662769996834
218,1,straight,6.888474064208747,92.7,85.81152593579125
219,1,left,7.070488751705419,93.2,86.12951124829459
220,1,straight,6.8180294643191965,101.7,94.88197053568081
221,1,left,6.9910735658847765,93.5,86.50892643411522
222,1,straight,6.991999829188737,93.0,86.00800017081126
223,1,straight,8.356007794243158,94.30000000000001,85.94399220575686
224,1,straight,7.041610173328489,93.10000000000001,86.05838982667152
225,1,straight,7.163919403784854,92.60000000000001,85.43608059621515
226,1,left,6.935386020004739,93.10000000000001,86.16461397999527
227,1,straight,6.947270349551651,92.9,85.95272965044836
228,1,left,7.142393959930447,93.9,86.75760604006956
229,1,straight,7.052369813546372,92.60000000000001,85.54763018645363
230,1,left,7.041958073141956,93.30000000000001,86.25804192685806
231,1,left,7.050045236502741,93.2,86.14995476349726
232,1,straight,7.016199630105198,92.80000000000001,85.78380036989482
233,1,left,7.418438122655424,94.30000000000001,86.88156187734458
234,1,straight,7.0189738188211095,93.0,85.98102618117889
235,1,left,6.995339561840929,93.5,86.50466043815908
236,1,straight,6.959979087580105,92.7,85.7400209124199
237,1,left,7.452926916259142,93.80000000000001,86.34707308374087
238,1,left,7.54334873488954,93.80000000000001,86.25665126511048
239,1,left,6.990683838935235,93.2,86.20931616106476
240,1,straight,7.020702249550604,92.80000000000001,85.7792977504494
241,1,left,6.923091962888312,93.10000000000001,86.1769080371117
242,1,left,6.909303139715425,93.30000000000001,86.39069686028459
243,1,straight,7.052488809877813,92.80000000000001,85.7475111901222
244,1,left,7.3988777218203925,93.7,86.3011222781796
245,1,straight,7.500251011389461,93.2,85.69974898861054
246,1,left,7.73464950973613,94.4,86.66535049026388
247,1,left,7.82191935630069,94.80000000000001,86.97808064369931
248,1,straight,7.750742726090556,93.80000000000001,86.04925727390946
249,1,straight,7.664288503936725,93.10000000000001,85.43571149606328
250,1,left,7.227112103756795,93.5,86.2728878962432
251,1,straight,7.366878010520805,93.60000000000001,86.2331219894792
252,1,left,7.539099517061232,94.5,86.96090048293877
253,1,left,7.273915184359871,94.2,86.92608481564014
254,1,straight,6.803530412952571,101.4,94.59646958704744
255,1,straight,7.128776372238233,101.5,94.37122362776176
256,1,straight,6.738211985578801,101.80000000000001,95.06178801442121
257,1,straight,7.51239667337335,93.10000000000001,85.58760332662666
258,1,left,7.470123027156027,94.10000000000001,86.62987697284399
259,1,straight,7.615433133031506,93.60000000000001,85.9845668669685
260,1,left,7.514483239680358,94.2,86.68551676031964
261,1,left,7.262979545731357,102.7,95.43702045426865
262,1,straight,7.578763621849696,93.30000000000001,85.72123637815031
263,1,left,7.362515439529624,93.7,86.33748456047037
264,1,straight,7.577375621260345,93.60000000000001,86.02262437873966
265,1,straight,7.381181885307437,93.5,86.11881811469256
266,1,straight,7.758065550695752,94.0,86.24193444930425
267,1,left,7.639673682862277,103.80000000000001,96.16032631713773
268,1,left,7.307815265266397,112.5,105.1921847347336
269,1,left,7.420070430813789,112.60000000000001,105.17992956918621
270,1,straight,7.344239788408246,111.80000000000001,104.45576021159177
271,1,straight,7.486006229550848,92.9,85.41399377044915
272,1,straight,7.4812920641050145,93.0,85.51870793589498
273,1,straight,7.669418081107354,93.5,85.83058191889265
274,1,left,7.4266118257005065,112.10000000000001,104.6733881742995
275,1,straight,7.332592741147445,111.30000000000001,103.96740725885256
276,1,straight,8.19408213070524,93.9,85.70591786929477
277,1,left,8.37469242580875,94.80000000000001,86.42530757419127
278,1,straight,7.201170857028104,111.30000000000001,104.09882914297191
279,1,straight,8.403607448734197,94.4,85.99639255126581
280,1,left,8.196332417197196,104.5,96.3036675828028
281,1,straight,6.922927468643286,92.30000000000001,85.37707253135673
282,1,straight,6.736474662627736,110.9,104.16352533737226
283,1,left,6.976780834352064,93.2,86.22321916564793
284,1,left,7.842689470420451,94.5,86.65731052957955
285,1,left,6.920904993037894,93.0,86.0790950069621
286,1,left,6.774786676129592,102.30000000000001,95.52521332387042
287,1,straight,7.01400254769925,93.0,85.98599745230075
288,1,left,6.8250092463984435,92.9,86.07499075360157
289,1,left,7.1804382909705495,93.4,86.21956170902945
290,1,straight,8.005988158616947,93.60000000000001,85.59401184138306
291,1,straight,7.491714815556654,102.2,94.70828518444335
292,1,straight,7.499495925773261,92.9,85.40050407422675
293,1,straight,6.788448210115042,102.10000000000001,95.31155178988497
294,1,straight,7.618229207076612,93.10000000000001,85.4817707929234
295,1,left,7.483483577114779,94.4,86.91651642288522
296,1,left,6.8398973788955155,93.0,86.16010262110449
297,1,straight,8.001923550599743,94.0,85.99807644940026
298,1,straight,6.9049077891987265,101.80000000000001,94.89509221080128
299,1,left,8.074596070821325,94.80000000000001,86.72540392917868
300,1,left,7.593378171492272,93.80000000000001,86.20662182850774
301,1,straight,7.132812186911139,101.7,94.56718781308886
302,1,left,6.986333422923944,93.10000000000001,86.11366657707606
303,1,straight,6.955646032913803,101.9,94.9443539670862
304,1,straight,8.42650235379611,94.60000000000001,86.1734976462039
305,1,straight,8.15760650874685,94.10000000000001,85.94239349125316
306,1,left,6.905720236524964,102.60000000000001,95.69427976347504
307,1,left,7.956360372549186,94.7,86.74363962745082
308,1,left,8.045950894397738,94.80000000000001,86.75404910560228
309,1,straight,8.026028179894935,94.4,86.37397182010507
310,1,straight,7.840960379353959,93.80000000000001,85.95903962064605
311,1,left,6.920767355554468,102.9,95.97923264444553
312,1,straight,7.024065972092943,92.60000000000001,85.57593402790707
313,1,straight,6.965955222542335,101.30000000000001,94.33404477745768
314,1,straight,7.837644080206517,93.7,85.86235591979349
315,1,left,8.078357366640784,94.5,86.42164263335921
316,1,straight,7.590545677991553,93.4,85.80945432200845
317,1,left,8.082152295091579,94.5,86.41784770490843
318,1,straight,6.8118689129041075,92.7,85.8881310870959
319,1,left,7.5558899919773035,103.60000000000001,96.0441100080227
320,1,straight,8.200770818575068,94.2,85.99922918142494
321,1,straight,7.634805046598841,93.5,85.86519495340116
322,1,straight,7.666220777259266,93.60000000000001,85.93377922274074
323,1,straight,7.657651073877185,94.0,86.34234892612281
324,1,left,6.717488435936852,93.0,86.28251156406314
325,1,left,7.754523822635438,103.9,96.14547617736457
326,1,straight,6.836645771831211,92.7,85.86335422816879
327,1,left,7.303649006665157,94.10000000000001,86.79635099333485
328,1,left,7.298497602301579,93.60000000000001,86.30150239769843
329,1,left,7.890686346862191,104.10000000000001,96.20931365313781
330,1,left,7.692185651712361,94.30000000000001,86.60781434828765
331,1,left,7.304648573637799,94.2,86.8953514263622
332,1,straight,7.323932745605766,92.80000000000001,85.47606725439425
333,1,straight,7.22143452047596,92.60000000000001,85.37856547952404
334,1,left,7.193340452836737,103.0,95.80665954716326
335,1,left,8.387282499496436,86.10000000000001,77.71271750050357
336,1,left,6.707591408271492,93.10000000000001,86.39240859172851
337,1,left,6.805317454065377,93.2,86.39468254593463
338,1,left,7.1387527452224475,93.4,86.26124725477756
339,1,left,8.07511057761789,104.30000000000001,96.22488942238212
340,1,straight,7.2360613768972355,102.10000000000001,94.86393862310277
341,1,left,7.29543238052589,103.0,95.7045676194741
342,1,straight,6.816190603266745,92.9,86.08380939673326
343,1,left,7.8742790193904355,85.7,77.82572098060956
344,1,straight,8.100318729237225,84.9,76.79968127076278
345,1,left,6.9343140536498025,93.10000000000001,86.16568594635021
346,1,straight,7.057456782229096,93.2,86.1425432177709
347,1,straight,8.001713997950715,102.80000000000001,94.7982860020493
348,1,straight,7.0324130788386485,92.9,85.86758692116136
349,1,straight,7.9127237986286465,102.7,94.78727620137136
350,1,left,7.641129342744795,103.80000000000001,96.15887065725522
351,1,straight,7.324929862244492,102.0,94.67507013775551
352,1,straight,7.781473232183903,103.10000000000001,95.31852676781611
353,1,left,8.08213390138522,85.30000000000001,77.21786609861479
354,1,straight,7.673288900863868,102.10000000000001,94.42671109913614
355,1,left,7.637468732641295,103.7,96.06253126735871
356,1,straight,7.089811307203091,111.4,104.31018869279691
357,1,straight,7.534801647540401,,
358,1,straight,8.205275359927905,84.30000000000001,76.0947246400721
359,1,left,7.173274102239585,102.60000000000001,95.42672589776042
360,1,left,6.750858381987511,111.2,104.44914161801249
361,1,straight,6.7861328940456005,110.9,104.1138671059544
362,1,straight,7.601268629766463,93.2,85.59873137023354
363,1,left,6.772287066986415,111.2,104.4277129330136
364,1,straight,8.20934760614532,84.80000000000001,76.5906523938547
365,1,left,6.769032491041903,111.60000000000001,104.83096750895811
366,1,straight,8.073306319233053,93.4,85.32669368076695
367,1,left,6.772562817340791,92.9,86.12743718265921
368,1,straight,7.9935561017844,94.4,86.4064438982156
369,1,left,6.768695170404337,93.5,86.73130482959566
370,1,straight,7.433951379175986,,
371,1,straight,6.803250142360953,101.7,94.89674985763905
372,1,left,7.3898306661051505,,
373,1,left,7.505667270652899,,
374,1,straight,7.644162584090038,93.4,85.75583741590997
375,1,straight,7.430896593128117,,
376,1,left,7.625887622458898,94.30000000000001,86.6741123775411
377,1,straight,7.355550471043918,93.0,85.64444952895609
378,1,straight,7.258191299387769,93.10000000000001,85.84180870061223
379,1,straight,8.154687900765673,,
380,1,straight,7.553828766653762,93.4,85.84617123334624
381,1,straight,6.802823145255133,92.60000000000001,85.79717685474488
382,1,straight,7.448857525810815,,
383,1,straight,6.795948235044497,92.2,85.40405176495551
384,1,left,6.825179533104939,102.10000000000001,95.27482046689506
385,1,left,6.967640415652426,93.5,86.53235958434757
386,1,left,6.776211770932695,92.9,86.12378822906732
387,1,straight,7.343981607725312,,
388,1,left,6.844255153726277,93.60000000000001,86.75574484627373
389,1,straight,7.083599587376406,92.5,85.41640041262359
390,1,left,7.063506847040305,93.60000000000001,86.53649315295971
391,1,left,6.9209437599266685,,
392,1,left,7.470491364662934,,
393,1,left,7.38375875575183,,
394,1,straight,6.947261604548754,,
395,1,left,7.066720529069156,93.30000000000001,86.23327947093085
396,1,left,7.385927075264747,,
397,1,left,7.062444731192468,93.30000000000001,86.23755526880754
398,1,straight,7.240372844399887,,
399,1,straight,7.097905578621175,92.9,85.80209442137883
400,1,straight,7.206832163101663,,
401,1,left,7.127424346796627,,
402,1,straight,6.979165828871432,,
403,1,left,7.063925096343929,,
404,1,straight,7.929234378912372,,
405,1,straight,,,
406,1,straight,7.32224950682604,,
407,1,straight,6.797237775471905,,
408,1,straight,7.510218533402571,,
409,1,straight,7.397401269545265,,
410,1,straight,7.1965139295919185,,
411,1,left,7.383343033306302,,
412,1,left,7.270058891319328,,
413,1,straight,7.4006328723008785,,
414,1,straight,7.3209126511107065,,
415,1,straight,,,
416,1,left,7.386310848440002,,
417,1,left,7.296794363319268,,
418,1,straight,,,
419,1,left,7.155651147222114,,
420,1,left,7.022162806627344,,
421,1,straight,7.027029354739349,,
422,1,left,7.386102199919051,,
423,1,straight,7.055371176015172,,
424,1,straight,7.329095576396155,,
425,1,left,7.121697865308163,,
426,1,left,7.022007181879517,,
427,1,left,,,
428,1,left,,,
429,1,left,7.303846806226387,,
430,1,straight,,,
431,1,straight,,,
432,1,straight,,,
433,1,straight,,,
434,1,left,,,
435,1,left,,,
436,1,left,,,
437,1,straight,,,
438,1,left,,,
439,1,left,,,
440,1,straight,,,
441,1,straight,,,
442,1,left,,,
443,1,straight,,,
444,1,left,,,
445,1,straight,,,
446,1,left,,,
447,1,straight,,,
448,1,straight,,,
449,1,straight,,,
450,1,left,,,
451,1,straight,,,
452,1,straight,,,
453,1,left,,,
454,1,left,,,
455,1,straight,,,
456,1,left,,,
457,1,left,,,
458,1,straight,,,
459,1,left,,,
460,1,straight,,,
461,1,left,,,
462,1,left,,,
463,1,straight,,,
464,1,straight,,,
465,1,straight,,,
466,1,left,,,
467,1,left,,,
468,1,left,,,
469,1,straight,,,
470,1,left,,,
471,1,left,,,
472,1,left,,,
473,1,left,,,
474,1,left,,,
475,1,straight,,,
476,1,left,,,
477,1,left,,,
478,1,left,,,
479,1,straight,,,
480,1,left,,,
481,1,straight,,,
482,1,left,,,
483,1,left,,,
484,1,straight,,,
485,1,straight,,,
486,1,left,,,
487,1,left,,,
488,1,left,,,
489,1,straight,,,
490,1,straight,,,
491,1,straight,,,
492,1,left,,,
493,1,left,,,
494,1,straight,,,
495,1,left,,,
496,1,left,,,
497,1,straight,,,
498,1,straight,,,
499,1,left,,,
500,1,straight,,,
501,1,straight,,,
502,1,left,,,
503,1,straight,,,
504,1,left,,,
505,1,left,,,
506,1,left,,,
507,1,straight,,,
508,1,left,,,
509,1,straight,,,
510,1,straight,,,
511,1,straight,,,
512,1,straight,,,
513,1,left,,,
514,1,left,,,
515,1,straight,,,
516,1,left,,,
517,1,straight,,,
518,1,straight,,,
519,1,straight,,,
520,1,straight,,,
521,1,straight,,,
522,1,straight,,,
523,1,straight,,,
524,1,left,,,
525,1,straight,,,
526,1,left,,,
527,1,straight,,,
528,1,left,,,
529,1,left,,,
530,1,left,,,
531,1,straight,,,
532,1,straight,,,
533,1,straight,,,
534,1,straight,,,
535,1,left,,,
536,1,straight,,,
537,1,left,,,
538,1,straight,,,
539,1,straight,,,
540,1,left,,,
541,1,straight,,,
542,1,left,,,
543,1,left,,,
544,1,straight,,,
545,1,left,,,
546,1,left,,,
547,1,left,,,
548,1,straight,,,
549,1,straight,,,
550,1,left,,,
551,1,left,,,
552,1,straight,,,
553,1,straight,,,
554,1,left,,,
555,1,left,,,
556,1,straight,,,
557,1,straight,,,
558,1,left,,,
559,1,left,,,
560,1,straight,,,
561,1,straight,,,
562,1,left,,,
563,1,left,,,
564,1,straight,,,
565,1,left,,,
566,1,straight,,,
567,1,left,,,
568,1,left,,,
569,1,straight,,,
570,1,straight,,,
571,1,left,,,
572,1,straight,,,
573,1,left,,,
574,1,straight,,,
575,1,straight,,,
576,1,left,,,
577,1,straight,,,
578,1,left,,,
579,1,left,,,
580,1,left,,,
581,1,straight,,,
582,1,straight,,,
583,1,straight,,,
584,1,left,,,
585,1,left,,,
586,1,straight,,,
587,1,left,,,
588,1,straight,,,
589,1,left,,,
590,1,left,,,
591,1,straight,,,
592,1,left,,,
593,1,straight,,,
594,1,straight,,,
595,1,straight,,,
596,1,left,,,
597,1,left,,,
598,1,left,,,
599,1,straight,,,
600,1,left,,,
601,1,left,,,
602,1,straight,,,
603,1,left,,,
604,1,straight,,,
605,1,straight,,,
606,1,straight,,,
607,1,left,,,
608,1,straight,,,
609,1,left,,,
610,1,left,,,
611,1,left,,,
612,1,left,,,
613,1,straight,,,
614,1,straight,,,
615,1,left,,,
616,1,straight,,,
617,1,left,,,
618,1,left,,,
619,1,left,,,
620,1,straight,,,
621,1,left,,,
622,1,left,,,
623,1,left,,,
624,1,straight,,,
625,1,straight,,,
626,1,left,,,
627,1,straight,,,
628,1,left,,,
629,1,straight,,,
630,1,left,,,
631,1,left,,,
632,1,left,,,
633,1,straight,,,
634,1,straight,,,
635,1,left,,,
636,1,straight,,,
637,1,left,,,
638,1,straight,,,
639,1,left,,,
640,1,straight,,,
641,1,straight,,,
642,1,straight,,,
643,1,straight,,,
644,1,straight,,,
645,1,left,,,
646,1,straight,,,
647,1,left,,,
648,1,left,,,
649,1,straight,,,
650,1,straight,,,
651,1,straight,,,
652,1,straight,,,
653,1,straight,,,
654,1,left,,,
655,1,straight,,,
656,1,straight,,,
657,1,straight,,,
658,1,left,,,
659,1,straight,,,
660,1,left,,,
661,1,straight,,,
662,1,left,,,
663,1,left,,,
664,1,straight,,,
665,1,straight,,,
666,1,straight,,,
667,1,straight,,,
668,1,left,,,
669,1,left,,,
670,1,left,,,
671,1,left,,,
672,1,straight,,,
673,1,straight,,,
674,1,left,,,
675,1,left,,,
676,1,straight,,,
677,1,left,,,
678,1,left,,,
679,1,straight,,,
680,1,left,,,
681,1,straight,,,
682,1,straight,,,
683,1,left,,,
684,1,straight,,,
685,1,straight,,,
686,1,left,,,
687,1,straight,,,
688,1,left,,,
689,1,straight,,,
690,1,straight,,,
691,1,straight,,,
692,1,left,,,
693,1,straight,,,
694,1,left,,,
695,1,straight,,,
696,1,straight,,,
697,1,straight,,,
698,1,straight,,,
699,1,straight,,,
700,1,straight,,,
701,1,straight,,,
702,1,straight,,,
703,1,straight,,,
704,1,straight,,,
705,1,straight,,,
706,1,straight,,,
707,1,straight,,,
708,1,straight,,,
709,1,straight,,,
710,1,left,,,
711,1,left,,,
712,1,straight,,,
713,1,left,,,
714,1,left,,,
715,1,left,,,
716,1,straight,,,
717,1,left,,,
718,1,left,,,
719,1,straight,,,
720,1,left,,,
721,1,straight,,,
722,1,left,,,
723,1,left,,,
724,1,straight,,,
725,1,straight,,,
726,1,straight,,,
727,1,straight,,,
728,1,left,,,
729,1,straight,,,
730,1,left,,,
731,1,straight,,,
732,1,straight,,,
733,1,straight,,,
734,1,left,,,
735,1,left,,,
736,1,left,,,
737,1,left,,,
738,1,left,,,
739,1,left,,,
740,1,left,,,
741,1,left,,,
742,1,straight,,,
743,1,left,,,
744,1,left,,,
745,1,left,,,
746,1,straight,,,
747,1,straight,,,
748,1,straight,,,
749,1,straight,,,
750,1,left,,,
751,1,straight,,,
752,1,straight,,,
753,1,straight,,,
754,1,left,,,
755,1,left,,,
756,1,straight,,,
757,1,straight,,,
758,1,left,,,
759,1,left,,,
760,1,left,,,
761,1,straight,,,
762,1,straight,,,
763,1,straight,,,
764,1,straight,,,
765,1,left,,,
766,1,left,,,
767,1,left,,,
768,1,straight,,,
769,1,straight,,,
770,1,straight,,,
771,1,left,,,
772,1,left,,,
773,1,straight,,,
774,1,left,,,
775,1,left,,,
776,1,left,,,
777,1,left,,,
778,1,straight,,,
779,1,left,,,
780,1,left,,,
781,1,straight,,,
782,1,straight,,,
783,1,left,,,
784,1,straight,,,
785,1,left,,,
786,1,straight,,,
787,1,left,,,
788,1,straight,,,
789,1,left,,,
790,1,straight,,,
791,1,straight,,,
792,1,left,,,
793,1,straight,,,
794,1,straight,,,
795,1,straight,,,
796,1,left,,,
797,1,left,,,
798,1,straight,,,
799,1,straight,,,
800,1,left,,,
801,1,left,,,
802,1,left,,,
803,1,left,,,
804,1,left,,,
805,1,straight,,,
806,1,straight,,,
807,1,straight,,,
808,1,straight,,,
809,1,straight,,,
810,1,left,,,
811,1,straight,,,
812,1,straight,,,
813,1,left,,,
814,1,left,,,
815,1,straight,,,
816,1,left,,,
817,1,straight,,,
818,1,straight,,,
819,1,straight,,,
820,1,left,,,
821,1,straight,,,
822,1,left,,,
823,1,straight,,,
824,1,straight,,,
825,1,left,,,
826,1,straight,,,
827,1,left,,,
828,1,straight,,,
829,1,left,,,
830,1,straight,,,
831,1,straight,,,
832,1,left,,,
833,1,left,,,
834,1,left,,,
835,1,straight,,,
836,1,straight,,,
837,1,left,,,
838,1,straight,,,
839,1,straight,,,
840,1,straight,,,
841,1,straight,,,
842,1,straight,,,
843,1,left,,,
844,1,straight,,,
845,1,straight,,,
846,1,straight,,,
847,1,left,,,
848,1,left,,,
849,1,left,,,
850,1,straight,,,
851,1,straight,,,
852,1,straight,,,
853,1,left,,,
854,1,left,,,
855,1,left,,,
856,1,straight,,,
857,1,left,,,
858,1,left,,,
859,1,left,,,
860,1,straight,,,
861,1,left,,,
862,1,straight,,,
863,1,straight,,,
864,1,left,,,
865,1,left,,,
866,1,left,,,
867,1,left,,,
868,1,left,,,
869,1,left,,,
870,1,straight,,,
871,1,straight,,,
872,1,straight,,,
873,1,left,,,
874,1,left,,,
875,1,left,,,
876,1,left,,,
877,1,left,,,
878,1,left,,,
879,1,straight,,,
880,1,straight,,,
881,1,straight,,,
882,1,straight,,,
883,1,left,,,
884,1,left,,,
885,1,left,,,
886,1,left,,,
887,1,left,,,
888,1,straight,,,
889,1,left,,,
890,1,straight,,,
891,1,straight,,,
892,1,left,,,
893,1,straight,,,
894,1,straight,,,
895,1,left,,,
896,1,straight,,,
897,1,left,,,
898,1,left,,,
899,1,straight,,,
900,1,left,,,
901,1,left,,,
902,1,straight,,,
903,1,straight,,,
904,1,straight,,,
905,1,straight,,,
906,1,left,,,
907,1,left,,,
908,1,straight,,,
909,1,straight,,,
910,1,straight,,,
911,1,left,,,
912,1,left,,,
913,1,left,,,
914,1,straight,,,
915,1,straight,,,
916,1,straight,,,
917,1,straight,,,
918,1,straight,,,
919,1,left,,,
920,1,left,,,
921,1,straight,,,
922,1,straight,,,
923,1,left,,,
924,1,left,,,
925,1,left,,,
926,1,left,,,
927,1,straight,,,
928,1,left,,,
929,1,left,,,
930,1,straight,,,
931,1,straight,,,
932,1,left,,,
933,1,left,,,
934,1,straight,,,
935,1,left,,,
936,1,left,,,
937,1,left,,,
938,1,straight,,,
939,1,left,,,
940,1,left,,,
941,1,left,,,
942,1,left,,,
943,1,straight,,,
944,1,straight,,,
945,1,straight,,,
946,1,straight,,,
947,1,left,,,
948,1,straight,,,
949,1,left,,,
950,1,left,,,
951,1,straight,,,
952,1,left,,,
953,1,left,,,
954,1,straight,,,
955,1,straight,,,
956,1,left,,,
957,1,left,,,
958,1,straight,,,
959,1,straight,,,
960,1,left,,,
961,1,left,,,
962,1,left,,,
963,1,straight,,,
964,1,left,,,
965,1,left,,,
966,1,straight,,,
967,1,straight,,,
968,1,left,,,
969,1,left,,,
970,1,left,,,
971,1,straight,,,
972,1,straight,,,
973,1,left,,,
974,1,straight,,,
975,1,left,,,
976,1,left,,,
977,1,left,,,
978,1,left,,,
979,1,straight,,,
980,1,straight,,,
981,1,straight,,,
982,1,straight,,,
983,1,straight,,,
984,1,left,,,
985,1,straight,,,
986,1,straight,,,
987,1,left,,,
988,1,left,,,
989,1,straight,,,
990,1,left,,,
991,1,straight,,,
992,1,straight,,,
993,1,left,,,
994,1,straight,,,
995,1,left,,,
996,1,left,,,
997,1,left,,,
998,1,straight,,,
999,1,straight,,,
1000,1,left,,,
1001,1,left,,,
1002,1,straight,,,
1003,1,straight,,,
1004,1,straight,,,
1005,1,straight,,,
1006,1,left,,,
1007,1,left,,,
1008,1,straight,,,
1009,1,left,,,
1010,1,straight,,,
1011,1,straight,,,
1012,1,straight,,,
1013,1,straight,,,
1014,1,straight,,,
1015,1,straight,,,
1016,1,left,,,
1017,1,left,,,
1018,1,left,,,
1019,1,left,,,
1020,1,straight,,,
1021,1,straight,,,
1022,1,left,,,
1023,1,straight,,,
1024,1,straight,,,
1025,1,left,,,
1026,1,straight,,,
1027,1,left,,,
1028,1,left,,,
1029,1,straight,,,
1030,1,straight,,,
1031,1,straight,,,
1032,1,straight,,,
1033,1,straight,,,
1034,1,left,,,
1035,1,straight,,,
1036,1,straight,,,
1037,1,left,,,
1038,1,straight,,,
1039,1,straight,,,
1040,1,left,,,
1041,1,straight,,,
1042,1,left,,,
1043,1,left,,,
1044,1,straight,,,
1045,1,left,,,
1046,1,left,,,
1047,1,straight,,,
1048,1,left,,,
1049,1,straight,,,
1050,1,left,,,
1051,1,straight,,,
1052,1,straight,,,
1053,1,left,,,
1054,1,straight,,,
1055,1,straight,,,
1056,1,straight,,,
1057,1,left,,,
1058,1,left,,,
1059,1,left,,,
1060,1,straight,,,
1061,1,straight,,,
1062,1,left,,,
1063,1,left,,,
1064,1,left,,,
1065,1,left,,,
1066,1,left,,,
1067,1,straight,,,
1068,1,left,,,
1069,1,left,,,
1070,1,left,,,
1071,1,straight,,,
1072,1,straight,,,
1073,1,left,,,
1074,1,straight,,,
1075,1,straight,,,
1076,1,left,,,
1077,1,straight,,,
1078,1,straight,,,
1079,1,straight,,,
1080,1,straight,,,
1081,1,straight,,,
1082,1,left,,,
1083,1,straight,,,
1084,1,straight,,,
1085,1,left,,,
1086,1,left,,,
1087,1,straight,,,
1088,1,straight,,,
1089,1,left,,,
1090,1,left,,,
1091,1,straight,,,
1092,1,left,,,
1093,1,straight,,,
1094,1,straight,,,
1095,1,straight,,,
1096,1,left,,,
1097,1,left,,,
1098,1,left,,,
1099,1,straight,,,
1100,1,left,,,
1101,1,left,,,
1102,1,left,,,
1103,1,left,,,
1104,1,left,,,
1105,1,left,,,
1106,1,left,,,
1107,1,straight,,,
1108,1,straight,,,
1109,1,straight,,,
1110,1,straight,,,
1111,1,straight,,,
1112,1,straight,,,
1113,1,left,,,
1114,1,left,,,
1115,1,straight,,,
1116,1,left,,,
1117,1,straight,,,
1118,1,left,,,
1119,1,left,,,
1120,1,straight,,,
1121,1,left,,,
1122,1,straight,,,
1123,1,left,,,
1124,1,left,,,
1125,1,left,,,
1126,1,straight,,,
1127,1,left,,,
1128,1,left,,,
1129,1,straight,,,
1130,1,left,,,
1131,1,straight,,,
1132,1,straight,,,
1133,1,straight,,,
1134,1,left,,,
1135,1,left,,,
1136,1,straight,,,
1137,1,straight,,,
1138,1,left,,,
1139,1,straight,,,
1140,1,left,,,
1141,1,straight,,,
1142,1,left,,,
1143,1,straight,,,
1144,1,left,,,
1145,1,straight,,,
1146,1,straight,,,
1147,1,left,,,
1148,1,left,,,
1149,1,left,,,
1150,1,left,,,
1151,1,straight,,,
1152,1,straight,,,
1153,1,left,,,
1154,1,straight,,,
1155,1,left,,,
1156,1,left,,,
1157,1,straight,,,
1158,1,left,,,
1159,1,left,,,
1160,1,left,,,
1161,1,left,,,
1162,1,left,,,
1163,1,left,,,
1164,1,straight,,,
1165,1,straight,,,
1166,1,straight,,,
1167,1,left,,,
1168,1,left,,,
1169,1,left,,,
1170,1,straight,,,
1171,1,straight,,,
1172,1,left,,,
1173,1,straight,,,
1174,1,straight,,,
1175,1,left,,,
1176,1,straight,,,
1177,1,left,,,
1178,1,left,,,
1179,1,straight,,,
1180,1,straight,,,
1181,1,straight,,,
1182,1,straight,,,
1183,1,left,,,
1184,1,straight,,,
1185,1,straight,,,
1186,1,left,,,
1187,1,straight,,,
1188,1,straight,,,
1189,1,straight,,,
1190,1,straight,,,
1191,1,straight,,,
1192,1,straight,,,
1193,1,left,,,
1194,1,left,,,
1195,1,straight,,,
1196,1,left,,,
1197,1,straight,,,
1198,1,left,,,
1199,1,left,,,
1200,1,straight,,,
1201,1,straight,,,
1202,1,straight,,,
1203,1,left,,,
1204,1,left,,,
1205,1,left,,,
1206,1,straight,,,
1207,1,straight,,,
1208,1,straight,,,
1209,1,straight,,,
1210,1,left,,,
1211,1,straight,,,
1212,1,straight,,,
1213,1,straight,,,
1214,1,left,,,
1215,1,straight,,,
1216,1,straight,,,
1217,1,straight,,,
1218,1,straight,,,
1219,1,straight,,,
1220,1,straight,,,
1221,1,left,,,
1222,1,left,,,
1223,1,left,,,
1224,1,left,,,
1225,1,left,,,
1226,1,straight,,,
1227,1,straight,,,
1228,1,straight,,,
1229,1,left,,,
1230,1,left,,,
1231,1,straight,,,
1232,1,left,,,
1233,1,straight,,,
1234,1,straight,,,
1235,1,straight,,,
1236,1,left,,,
1237,1,straight,,,
1238,1,straight,,,
1239,1,straight,,,
1240,1,straight,,,
1241,1,straight,,,
1242,1,straight,,,
1243,1,left,,,
1244,1,left,,,
1245,1,left,,,
1246,1,straight,,,
1247,1,left,,,
1248,1,straight,,,
1249,1,straight,,,
1250,1,left,,,
1251,1,straight,,,
1252,1,straight,,,
1253,1,left,,,
1254,1,left,,,
1255,1,left,,,
1256,1,left,,,
1257,1,straight,,,
1258,1,left,,,
1259,1,straight,,,
1260,1,left,,,
1261,1,left,,,
1262,1,left,,,
1263,1,straight,,,
1264,1,left,,,
1265,1,straight,,,
1266,1,straight,,,
1267,1,straight,,,
1268,1,straight,,,
1269,1,left,,,
1270,1,straight,,,
1271,1,straight,,,
1272,1,left,,,
1273,1,left,,,
1274,1,left,,,
1275,1,left,,,
1276,1,left,,,
1277,1,left,,,
1278,1,straight,,,
1279,1,straight,,,
1280,1,left,,,
1281,1,straight,,,
1282,1,straight,,,
1283,1,left,,,
1284,1,straight,,,
1285,1,straight,,,
1286,1,straight,,,
1287,1,straight,,,
1288,1,left,,,
1289,1,left,,,
1290,1,left,,,
1291,1,straight,,,
1292,1,left,,,
1293,1,left,,,
1294,1,straight,,,
1295,1,straight,,,
1296,1,left,,,
1297,1,straight,,,
1298,1,straight,,,
1299,1,straight,,,
1300,1,straight,,,
1301,1,left,,,
1302,1,left,,,
1303,1,left,,,
1304,1,straight,,,
1305,1,left,,,
1306,1,straight,,,
1307,1,straight,,,
1308,1,left,,,
1309,1,straight,,,
1310,1,left,,,
1311,1,left,,,
1312,1,straight,,,
1313,1,straight,,,
1314,1,left,,,
1315,1,straight,,,
1316,1,left,,,
1317,1,straight,,,
1318,1,left,,,
1319,1,straight,,,
1320,1,straight,,,
1321,1,straight,,,
1322,1,left,,,
1323,1,left,,,
1324,1,left,,,
1325,1,left,,,
1326,1,left,,,
1327,1,left,,,
1328,1,left,,,
1329,1,left,,,
1330,1,straight,,,
1331,1,left,,,
1332,1,left,,,
1333,1,left,,,
1334,1,left,,,
1335,1,left,,,
1336,1,straight,,,
1337,1,left,,,
1338,1,straight,,,
1339,1,left,,,
1340,1,left,,,
1341,1,left,,,
1342,1,straight,,,
1343,1,straight,,,
1344,1,left,,,
1345,1,left,,,
1346,1,straight,,,
1347,1,left,,,
1348,1,left,,,
1349,1,straight,,,
1350,1,straight,,,
1351,1,left,,,
1352,1,straight,,,
1353,1,left,,,
1354,1,left,,,
1355,1,straight,,,
1356,1,straight,,,
1357,1,straight,,,
1358,1,straight,,,
1359,1,straight,,,
1360,1,straight,,,
1361,1,straight,,,
1362,1,straight,,,
1363,1,left,,,
1364,1,straight,,,
1365,1,straight,,,
1366,1,left,,,
1367,1,left,,,
1368,1,straight,,,
1369,1,straight,,,
1370,1,straight,,,
1371,1,left,,,
1372,1,straight,,,
1373,1,straight,,,
1374,1,straight,,,
1375,1,left,,,
1376,1,left,,,
1377,1,straight,,,
1378,1,straight,,,
1379,1,left,,,
1380,1,straight,,,
1381,1,left,,,
1382,1,left,,,
1383,1,left,,,
1384,1,straight,,,
1385,1,left,,,
1386,1,left,,,
1387,1,left,,,
1388,1,left,,,
1389,1,straight,,,
1390,1,left,,,
1391,1,straight,,,
1392,1,left,,,
1393,1,straight,,,
1394,1,left,,,
1395,1,straight,,,
1396,1,straight,,,
1397,1,straight,,,
1398,1,straight,,,
1399,1,left,,,
1400,1,left,,,
1401,1,left,,,
1402,1,left,,,
1403,1,straight,,,
1404,1,straight,,,
1405,1,straight,,,
1406,1,left,,,
1407,1,straight,,,
1408,1,straight,,,
1409,1,left,,,
1410,1,left,,,
1411,1,left,,,
1412,1,straight,,,
1413,1,straight,,,
1414,1,straight,,,
1415,1,straight,,,
1416,1,left,,,
1417,1,straight,,,
1418,1,left,,,
1419,1,straight,,,
1420,1,left,,,
1421,1,left,,,
1422,1,straight,,,
1423,1,straight,,,
1424,1,straight,,,
1425,1,left,,,
1426,1,straight,,,
1427,1,straight,,,
1428,1,left,,,
1429,1,left,,,
1430,1,left,,,
1431,1,straight,,,
1432,1,left,,,
1433,1,left,,,
1434,1,left,,,
1435,1,straight,,,
1436,1,straight,,,
1437,1,left,,,
1438,1,straight,,,
1439,1,straight,,,
1440,1,left,,,
1441,1,left,,,
1442,1,straight,,,
1443,1,straight,,,
1444,1,left,,,
1445,1,left,,,
1446,1,left,,,
1447,1,left,,,
1448,1,left,,,
1449,1,straight,,,
1450,1,straight,,,
1451,1,left,,,
1452,1,straight,,,
1453,1,left,,,
1454,1,straight,,,
1455,1,straight,,,
1456,1,straight,,,
1457,1,straight,,,
1458,1,straight,,,
1459,1,straight,,,
1460,1,left,,,
1461,1,left,,,
1462,1,straight,,,
1463,1,straight,,,
1464,1,left,,,
1465,1,straight,,,
1466,1,left,,,
1467,1,left,,,
1468,1,straight,,,
1469,1,left,,,
1470,1,left,,,
1471,1,straight,,,
1472,1,left,,,
1473,1,straight,,,
1474,1,left,,,
1475,1,left,,,
1476,1,straight,,,
1477,1,straight,,,
1478,1,left,,,
1479,1,left,,,
1480,1,straight,,,
1481,1,left,,,
1482,1,straight,,,
1483,1,left,,,
1484,1,left,,,
1485,1,straight,,,
1486,1,left,,,
1487,1,left,,,
1488,1,straight,,,
1489,1,straight,,,
1490,1,straight,,,
1491,1,left,,,
1492,1,left,,,
1493,1,left,,,
1494,1,straight,,,
1495,1,straight,,,
1496,1,left,,,
1497,1,left,,,
1498,1,left,,,
1499,1,left,,,
1500,1,left,,,
1501,1,left,,,
1502,1,straight,,,
1503,1,straight,,,
1504,1,left,,,
1505,1,straight,,,
1506,1,straight,,,
1507,1,left,,,
1508,1,left,,,
1509,1,left,,,
1510,1,left,,,
1511,1,left,,,
1512,1,left,,,
1513,1,straight,,,
1514,1,straight,,,
1515,1,straight,,,
1516,1,straight,,,
1517,1,left,,,
1518,1,straight,,,
1519,1,left,,,
1520,1,left,,,
1521,1,straight,,,
1522,1,left,,,
1523,1,left,,,
1524,1,straight,,,
1525,1,left,,,
1526,1,straight,,,
1527,1,straight,,,
1528,1,left,,,
1529,1,left,,,
1530,1,left,,,
1531,1,left,,,
1532,1,straight,,,
1533,1,left,,,
1534,1,left,,,
1535,1,left,,,
1536,1,left,,,
1537,1,left,,,
1538,1,straight,,,
1539,1,left,,,
1540,1,straight,,,
1541,1,straight,,,
1542,1,straight,,,
1543,1,straight,,,
1544,1,left,,,
1545,1,straight,,,
1546,1,left,,,
1547,1,straight,,,
1548,1,straight,,,
1549,1,left,,,
1550,1,left,,,
1551,1,left,,,
1552,1,left,,,
1553,1,straight,,,
1554,1,left,,,
1555,1,straight,,,
1556,1,left,,,
1557,1,straight,,,
1558,1,left,,,
1559,1,left,,,
1560,1,straight,,,
1561,1,straight,,,
1562,1,straight,,,
1563,1,left,,,
1564,1,straight,,,
1565,1,straight,,,
1566,1,straight,,,
1567,1,straight,,,
1568,1,straight,,,
1569,1,left,,,
1570,1,straight,,,
1571,1,straight,,,
1572,1,left,,,
1573,1,left,,,
1574,1,straight,,,
1575,1,straight,,,
1576,1,straight,,,
1577,1,left,,,
1578,1,left,,,
1579,1,straight,,,
1580,1,straight,,,
1581,1,left,,,
1582,1,left,,,
1583,1,straight,,,
1584,1,straight,,,
1585,1,left,,,
1586,1,left,,,
1587,1,straight,,,
1588,1,straight,,,
1589,1,left,,,
1590,1,straight,,,
1591,1,left,,,
1592,1,straight,,,
1593,1,straight,,,
1594,1,left,,,
1595,1,straight,,,
1596,1,left,,,
1597,1,straight,,,
1598,1,straight,,,
1599,1,straight,,,
1600,1,left,,,
1601,1,straight,,,
1602,1,left,,,
1603,1,left,,,
1604,1,left,,,
1605,1,straight,,,
1606,1,left,,,
1607,1,straight,,,
1608,1,straight,,,
1609,1,left,,,
1610,1,left,,,
1611,1,straight,,,
1612,1,straight,,,
1613,1,straight,,,
1614,1,straight,,,
1615,1,straight,,,
1616,1,left,,,
1617,1,straight,,,
1618,1,straight,,,
1619,1,straight,,,
1620,1,left,,,
1621,1,left,,,
1622,1,straight,,,
1623,1,straight,,,
1624,1,straight,,,
1625,1,straight,,,
1626,1,straight,,,
1627,1,left,,,
1628,1,straight,,,
1629,1,straight,,,
1630,1,left,,,
1631,1,left,,,
1632,1,straight,,,
1633,1,left,,,
1634,1,straight,,,
1635,1,left,,,
1636,1,straight,,,
1637,1,straight,,,
1638,1,straight,,,
1639,1,left,,,
1640,1,straight,,,
1641,1,left,,,
1642,1,straight,,,
1643,1,straight,,,
1644,1,left,,,
1645,1,left,,,
1646,1,left,,,
1647,1,straight,,,
1648,1,left,,,
1649,1,straight,,,
1650,1,left,,,
1651,1,straight,,,
1652,1,straight,,,
1653,1,straight,,,
1654,1,left,,,
1655,1,straight,,,
1656,1,left,,,
1657,1,left,,,
1658,1,straight,,,
1659,1,straight,,,
1660,1,straight,,,
1661,1,straight,,,
1662,1,left,,,
1663,1,left,,,
1664,1,straight,,,
1665,1,straight,,,
1666,1,straight,,,
1667,1,straight,,,
1668,1,left,,,
1669,1,left,,,
1670,1,straight,,,
1671,1,straight,,,
1672,1,straight,,,
1673,1,straight,,,
1674,1,left,,,
1675,1,left,,,
1676,1,left,,,
1677,1,left,,,
1678,1,straight,,,
1679,1,straight,,,
1680,1,left,,,
1681,1,straight,,,
1682,1,straight,,,
1683,1,straight,,,
1684,1,left,,,
1685,1,left,,,
1686,1,left,,,
1687,1,straight,,,
1688,1,left,,,
1689,1,straight,,,
1690,1,left,,,
1691,1,left,,,
1692,1,left,,,
1693,1,left,,,
1694,1,straight,,,
1695,1,straight,,,
1696,1,straight,,,
1697,1,left,,,
1698,1,straight,,,
1699,1,left,,,
1700,1,straight,,,
1701,1,straight,,,
1702,1,left,,,
1703,1,left,,,
1704,1,left,,,
1705,1,left,,,
1706,1,straight,,,
1707,1,left,,,
1708,1,straight,,,
1709,1,left,,,
1710,1,left,,,
1711,1,straight,,,
1712,1,straight,,,
1713,1,left,,,
1714,1,straight,,,
1715,1,straight,,,
1716,1,straight,,,
1717,1,left,,,
1718,1,left,,,
1719,1,left,,,
1720,1,left,,,
1721,1,left,,,
1722,1,left,,,
1723,1,left,,,
1724,1,straight,,,
1725,1,straight,,,
1726,1,left,,,
1727,1,straight,,,
1728,1,straight,,,
1729,1,straight,,,
1730,1,straight,,,
1731,1,left,,,
1732,1,straight,,,
1733,1,straight,,,
1734,1,straight,,,
1735,1,straight,,,
1736,1,straight,,,
1737,1,left,,,
1738,1,left,,,
1739,1,straight,,,
1740,1,left,,,
1741,1,straight,,,
1742,1,left,,,
1743,1,left,,,
1744,1,straight,,,
1745,1,left,,,
1746,1,straight,,,
1747,1,straight,,,
1748,1,straight,,,
1749,1,left,,,
1750,1,left,,,
1751,1,straight,,,
1752,1,straight,,,
1753,1,left,,,
1754,1,left,,,
1755,1,left,,,
1756,1,straight,,,
1757,1,left,,,
1758,1,straight,,,
1759,1,straight,,,
1760,1,straight,,,
1761,1,straight,,,
1762,1,left,,,
1763,1,left,,,
1764,1,left,,,
1765,1,left,,,
1766,1,left,,,
1767,1,straight,,,
1768,1,left,,,
1769,1,straight,,,
1770,1,straight,,,
1771,1,straight,,,
1772,1,left,,,
1773,1,straight,,,
1774,1,straight,,,
1775,1,straight,,,
1776,1,left,,,
1777,1,straight,,,
1778,1,left,,,
1779,1,straight,,,
1780,1,straight,,,
1781,1,straight,,,
1782,1,left,,,
1783,1,straight,,,
1784,1,left,,,
1785,1,left,,,
1786,1,straight,,,
1787,1,left,,,
1788,1,left,,,
1789,1,straight,,,
1790,1,straight,,,
1791,1,straight,,,
1792,1,straight,,,
1793,1,straight,,,
1794,1,left,,,
1795,1,left,,,
1796,1,straight,,,
1797,1,straight,,,
1798,1,straight,,,
1799,1,left,,,
1800,1,left,,,
1801,1,straight,,,
1802,1,straight,,,
1803,1,straight,,,
1804,1,left,,,
1805,1,left,,,
1806,1,left,,,
1807,1,left,,,
1808,1,straight,,,
1809,1,straight,,,
1810,1,straight,,,
1811,1,straight,,,
1812,1,left,,,
1813,1,left,,,
1814,1,straight,,,
1815,1,straight,,,
1816,1,left,,,
1817,1,left,,,
1818,1,left,,,
1819,1,straight,,,
1820,1,left,,,
1821,1,left,,,
1822,1,straight,,,
1823,1,straight,,,
1824,1,straight,,,
1825,1,straight,,,
1826,1,straight,,,
1827,1,left,,,
1828,1,straight,,,
1829,1,left,,,
1830,1,straight,,,
1831,1,left,,,
1832,1,straight,,,
1833,1,left,,,
1834,1,left,,,
1835,1,straight,,,
1836,1,left,,,
1837,1,straight,,,
1838,1,straight,,,
1839,1,straight,,,
1840,1,left,,,
1841,1,left,,,
1842,1,straight,,,
1843,1,left,,,
1844,1,left,,,
1845,1,left,,,
1846,1,left,,,
1847,1,left,,,
1848,1,left,,,
1849,1,straight,,,
1850,1,left,,,
1851,1,straight,,,
1852,1,straight,,,
1853,1,left,,,
1854,1,straight,,,
1855,1,left,,,
1856,1,left,,,
1857,1,left,,,
1858,1,left,,,
1859,1,left,,,
1860,1,straight,,,
1861,1,left,,,
1862,1,left,,,
1863,1,left,,,
1864,1,left,,,
1865,1,left,,,
1866,1,left,,,
1867,1,left,,,
1868,1,straight,,,
1869,1,straight,,,
1870,1,left,,,
1871,1,left,,,
1872,1,left,,,
1873,1,left,,,
1874,1,left,,,
1875,1,left,,,
1876,1,straight,,,
1877,1,left,,,
1878,1,straight,,,
1879,1,straight,,,
1880,1,straight,,,
1881,1,left,,,
1882,1,straight,,,
1883,1,straight,,,
1884,1,left,,,
1885,1,left,,,
1886,1,left,,,
1887,1,straight,,,
1888,1,left,,,
1889,1,straight,,,
1890,1,left,,,
1891,1,straight,,,
1892,1,straight,,,
1893,1,straight,,,
1894,1,left,,,
1895,1,left,,,
1896,1,left,,,
1897,1,straight,,,
1898,1,left,,,
1899,1,left,,,
1900,1,straight,,,
1901,1,left,,,
1902,1,left,,,
1903,1,straight,,,
1904,1,left,,,
1905,1,left,,,
1906,1,left,,,
1907,1,left,,,
1908,1,left,,,
1909,1,left,,,
1910,1,left,,,
1911,1,left,,,
1912,1,left,,,
1913,1,left,,,
1914,1,straight,,,
1915,1,left,,,
1916,1,left,,,
1917,1,straight,,,
1918,1,straight,,,
1919,1,left,,,
1920,1,straight,,,
1921,1,left,,,
1922,1,left,,,
1923,1,straight,,,
1924,1,straight,,,
1925,1,left,,,
1926,1,left,,,
1927,1,left,,,
1928,1,left,,,
1929,1,straight,,,
1930,1,left,,,
1931,1,straight,,,
1932,1,straight,,,
1933,1,left,,,
1934,1,straight,,,
1935,1,left,,,
1936,1,straight,,,
1937,1,straight,,,
1938,1,straight,,,
1939,1,straight,,,
1940,1,left,,,
1941,1,left,,,
1942,1,straight,,,
1943,1,left,,,
1944,1,straight,,,
1945,1,left,,,
1946,1,straight,,,
1947,1,straight,,,
1948,1,straight,,,
1949,1,left,,,
1950,1,straight,,,
1951,1,straight,,,
1952,1,straight,,,
1953,1,left,,,
1954,1,straight,,,
1955,1,left,,,
1956,1,left,,,
1957,1,straight,,,
1958,1,straight,,,
1959,1,straight,,,
1960,1,left,,,
1961,1,straight,,,
1962,1,left,,,
1963,1,left,,,
1964,1,left,,,
1965,1,straight,,,
1966,1,left,,,
1967,1,straight,,,
1968,1,left,,,
1969,1,straight,,,
1970,1,straight,,,
1971,1,straight,,,
1972,1,straight,,,
1973,1,left,,,
1974,1,left,,,
1975,1,straight,,,
1976,1,left,,,
1977,1,left,,,
1978,1,left,,,
1979,1,left,,,
1980,1,straight,,,
1981,1,straight,,,
1982,1,left,,,
1983,1,left,,,
1984,1,left,,,
1985,1,left,,,
1986,1,straight,,,
1987,1,left,,,
1988,1,straight,,,
1989,1,left,,,
1990,1,straight,,,
1991,1,straight,,,
1992,1,straight,,,
1993,1,left,,,
1994,1,straight,,,
1995,1,left,,,
1996,1,left,,,
1997,1,straight,,,
1998,1,left,,,
1999,1,left,12.568891626596573,,
2000,1,straight,,,
2001,1,straight,,,
2002,1,straight,,,
2003,1,straight,12.557727067596264,,
2004,1,left,,,
2005,1,straight,,,
2006,1,left,,,
2007,1,straight,,,
2008,1,straight,,,
2009,1,left,,,
2010,1,left,12.535471144433979,,
2011,1,straight,,,
2012,1,left,12.535471144433979,,
2013,1,left,12.498128073514359,,
2014,1,left,,,
2015,1,straight,,,
2016,1,straight,12.524325216956358,,
2017,1,straight,,,
2018,1,left,,,
2019,1,left,,,
2020,1,straight,,,
2021,1,straight,12.487003125363854,,
2022,1,left,12.423505029550196,,
2023,1,left,,,
2024,1,straight,,,
2025,1,straight,,,
2026,1,straight,,,
2027,1,straight,,,
2028,1,straight,,,
2029,1,left,,,
2030,1,straight,,,
2031,1,straight,,,
2032,1,straight,12.449702172992195,,
2033,1,left,,,
2034,1,straight,,,
2035,1,left,,,
2036,1,straight,,,
2037,1,straight,,,
2038,1,left,,,
2039,1,left,,,
2040,1,left,,,
2041,1,left,,,
2042,1,straight,,,
2043,1,left,,,
2044,1,straight,,,
2045,1,left,,,
2046,1,straight,12.169245138689028,,
2047,1,left,,,
2048,1,straight,,,
2049,1,left,12.105934262410114,,
2050,1,left,,,
2051,1,straight,,,
2052,1,straight,,,
2053,1,left,,,
2054,1,left,,,
2055,1,left,,,
2056,1,straight,,,
2057,1,straight,,,
2058,1,left,,,
2059,1,straight,,,
2060,1,left,,,
2061,1,left,,,
2062,1,left,,,
2063,1,straight,,,
2064,1,left,,,
2065,1,left,,,
2066,1,left,,,
2067,1,left,12.105934262410114,,
2068,1,straight,,,
2069,1,straight,,,
2070,1,left,,,
2071,1,straight,12.132918389452396,,
2072,1,left,,,
2073,1,left,,,
2074,1,straight,,,
2075,1,left,,,
2076,1,straight,12.095826919990786,,
2077,1,straight,,,
2078,1,left,,,
2079,1,left,,,
2080,1,left,12.069629776548787,,
2081,1,left,12.0325612288481,,
2082,1,straight,,,
2083,1,left,,,
2084,1,straight,12.021712925975015,,
2085,1,straight,12.021712925975015,,
2086,1,straight,,,
2087,1,left,,,
2088,1,left,,,
2089,1,straight,,,
2090,1,straight,,,
2091,1,left,,,
2092,1,straight,,,
2093,1,straight,,,
2094,1,straight,,,
2095,1,straight,,,
2096,1,left,,,
2097,1,straight,,,
2098,1,straight,,,
2099,1,straight,,,
2100,1,straight,,,
2101,1,left,,,
2102,1,straight,,,
2103,1,left,,,
2104,1,left,,,
2105,1,left,,,
2106,1,left,,,
2107,1,straight,,,
2108,1,straight,,,
2109,1,left,,,
2110,1,straight,,,
2111,1,left,,,
2112,1,straight,,,
2113,1,left,,,
2114,1,left,,,
2115,1,straight,,,
2116,1,left,,,
2117,1,straight,,,
2118,1,left,,,
2119,1,straight,,,
2120,1,straight,,,
2121,1,left,,,
2122,1,left,,,
2123,1,straight,,,
2124,1,left,,,
2125,1,straight,,,
2126,1,left,,,
2127,1,straight,,,
2128,1,straight,,,
2129,1,straight,,,
2130,1,straight,,,
2131,1,straight,,,
2132,1,straight,,,
2133,1,straight,,,
2134,1,left,,,
2135,1,straight,,,
2136,1,left,,,
2137,1,straight,,,
2138,1,straight,,,
2139,1,straight,,,
2140,1,left,,,
2141,1,straight,,,
2142,1,left,,,
2143,1,straight,,,
2144,1,straight,,,
2145,1,left,,,
2146,1,left,,,
2147,1,left,,,
2148,1,straight,,,
2149,1,straight,,,
2150,1,straight,,,
2151,1,left,,,
2152,1,left,,,
2153,1,straight,,,
2154,1,left,,,
2155,1,straight,,,
2156,1,left,,,
2157,1,straight,,,
2158,1,straight,,,
2159,1,left,,,
2160,1,straight,,,
2161,1,straight,,,
2162,1,straight,,,
2163,1,straight,,,
2164,1,left,,,
2165,1,left,,,
2166,1,straight,,,
2167,1,left,,,
2168,1,straight,,,
2169,1,left,,,
2170,1,straight,,,
2171,1,left,,,
2172,1,straight,,,
2173,1,left,,,
2174,1,left,,,
2175,1,left,,,
2176,1,straight,,,
2177,1,straight,,,
2178,1,left,,,
2179,1,left,,,
2180,1,left,,,
2181,1,left,,,
2182,1,left,,,
2183,1,straight,,,
2184,1,left,,,
2185,1,left,,,
2186,1,left,,,
2187,1,left,,,
2188,1,straight,,,
2189,1,straight,,,
2190,1,left,,,
2191,1,straight,,,
2192,1,straight,,,
2193,1,left,,,
2194,1,straight,,,
2195,1,left,,,
2196,1,straight,,,
2197,1,straight,,,
2198,1,straight,,,
2199,1,left,,,
2200,1,straight,,,
2201,1,straight,,,
2202,1,left,,,
2203,1,left,,,
2204,1,straight,,,
2205,1,straight,,,
2206,1,straight,,,
2207,1,straight,,,
2208,1,left,,,
2209,1,left,,,
2210,1,left,,,
2211,1,left,,,
2212,1,left,,,
2213,1,left,,,
2214,1,straight,,,
2215,1,straight,,,
2216,1,left,,,
2217,1,left,,,
2218,1,left,,,
2219,1,left,,,
2220,1,left,,,
2221,1,left,,,
2222,1,left,,,
2223,1,left,,,
2224,1,left,,,
2225,1,straight,,,
2226,1,left,,,
2227,1,straight,,,
2228,1,left,18.35819482037011,,
2229,1,straight,,,
2230,1,straight,,,
2231,1,straight,,,
2232,1,left,18.35819482037011,,
2233,1,straight,,,
2234,1,left,,,
2235,1,left,,,
2236,1,left,,,
2237,1,left,,,
2238,1,left,,,
2239,1,left,,,
2240,1,left,,,
2241,1,straight,18.384391963812106,,
2242,1,left,,,
2243,1,straight,18.3450814350467,,
2244,1,straight,,,
2245,1,straight,,,
2246,1,left,18.318884291604704,,
2247,1,left,,,
2248,1,left,18.279581649521127,,
2249,1,straight,,,
